,file,speaker,speaker_Id
0,/content/data_mp3/le-saint-coran-traduit-en-francais087-al-ala-9034-2215.flac,le-saint-coran-traduit-en-francais,51
1,/content/data_mp3/adel-al-kalbani100-al-adiyat-4024-862.flac,adel-al-kalbani,24
2,/content/data_mp3/mohamed-aljabery-al-heyani-001-al-fatiha-8252-567.flac,mohamed-aljabery-al-heyani,60
3,/content/data_mp3/laayoun-el-kouchi104-al-humaza-1828-7855.flac,laayoun-el-kouchi,50
4,/content/data_mp3/ibrahim-al-jibreen-091-ash-shams-5174-9563.flac,ibrahim-al-jibreen,43
5,/content/data_mp3/ali-alhodaifi104-al-humaza-1556-4395.flac,ali-alhodaifi,33
6,/content/data_mp3/abdullah-ibn-ali-basfar-096-al-alaq-372-8487.flac,abdullah-ibn-ali-basfar,18
7,/content/data_mp3/laayoun-el-kouchi107-al-maun-1862-8746.flac,laayoun-el-kouchi,50
8,/content/data_mp3/mahmud-ali-al-banna-085-al-burooj-2231-4306.flac,mahmud-ali-al-banna,56
9,/content/data_mp3/ad-dwkaly-mhmd-al-alm096-al-alaq-209-4610.flac,ad-dwkaly-mhmd-al-alm,21
10,/content/data_mp3/saad-el-ghamidi114-an-nas-203-5140.flac,saad-el-ghamidi,83
11,/content/data_mp3/salah-al-hashem074-al-muddathir-6052-1857.flac,salah-al-hashem,85
12,/content/data_mp3/mohamed-aljabery-al-heyani-084-al-inshiqaq-8349-4306.flac,mohamed-aljabery-al-heyani,60
13,/content/data_mp3/mustapha-al-lahouni-071-nooh-4648-191.flac,mustapha-al-lahouni,73
14,/content/data_mp3/mohamed-al-mohisni-091-ash-shams-5793-9102.flac,mohamed-al-mohisni,59
15,/content/data_mp3/adel-al-kalbani080-abasa-4062-4119.flac,adel-al-kalbani,23
16,/content/data_mp3/mustapha-al-lahouni-073-al-muzzammil-4650-670.flac,mustapha-al-lahouni,73
17,/content/data_mp3/ibrahim-al-akhdar-078-an-naba-1194-5482.flac,ibrahim-al-akhdar,42
18,/content/data_mp3/abdelbasset-abdessamad114-an-nas-703-1615.flac,abdelbasset-abdessamad,5
19,/content/data_mp3/alzain-mohamed-ahmed105-al-fil-6995-2966.flac,alzain-mohamed-ahmed,36
20,/content/data_mp3/adel-al-kalbani104-al-humaza-4028-1161.flac,adel-al-kalbani,24
21,/content/data_mp3/mohamed-el-barak113-al-falaq-5353-4079.flac,mohamed-el-barak,64
22,/content/data_mp3/mahmoud-khalil-al-hussary109-al-kafiroon-2462-3381.flac,mahmoud-khalil-al-hussary,55
23,/content/data_mp3/ibrahim-al-akhdar-081-at-takwir-1166-2514.flac,ibrahim-al-akhdar,42
24,/content/data_mp3/mohamed-el-kantaoui-062-al-jumua-8211-4383.flac,mohamed-el-kantaoui,65
25,/content/data_mp3/abdelhamid-hssain-083-al-moutaffifin-19720-9737.flac,abdelhamid-hssain,6
26,/content/data_mp3/mohamed-seddik-el-menchaoui113-al-falaq-516-9860.flac,mohamed-seddik-el-menchaoui,67
27,/content/data_mp3/abdullah-awad-al-juhani101-al-qaria-8561-2884.flac,abdullah-awad-al-juhani,17
28,/content/data_mp3/khalifa-al-tunaiji-085-al-burooj-6633-9197.flac,khalifa-al-tunaiji,48
29,/content/data_mp3/mahmud-ali-al-banna-087-al-ala-2233-6863.flac,mahmud-ali-al-banna,56
30,/content/data_mp3/mohamed-ayoub090-al-balad-955-8.flac,mohamed-ayoub,61
31,/content/data_mp3/salah-al-hashem001-al-fatiha-5979-5703.flac,salah-al-hashem,85
32,/content/data_mp3/muhammad-taha-al-junaid-082-al-infitar-33098-3044.flac,muhammad-taha-al-junaid,72
33,/content/data_mp3/maher-al-mueaqly-080-abasa-3120-5619.flac,maher-al-mueaqly,53
34,/content/data_mp3/khalifa-al-tunaiji-081-at-takwir-6629-6994.flac,khalifa-al-tunaiji,48
35,/content/data_mp3/tawfik-as-sayegh-112-al-ikhlas-2980-8851.flac,tawfik-as-sayegh,91
36,/content/data_mp3/hassan-saleh-092-al-lail-9782-5810.flac,hassan-saleh,41
37,/content/data_mp3/mohammed-al-lohaidan-062-al-jumua-8636-5913.flac,mohammed-al-lohaidan,70
38,/content/data_mp3/abdullah-al-khayat-088-al-ghashiya-1773-1076.flac,abdullah-al-khayat,15
39,/content/data_mp3/abdul-wali-al-arkani087-al-ala-113418-5452.flac,abdul-wali-al-arkani,13
40,/content/data_mp3/ibrahim-al-jibreen-084-al-inshiqaq-5167-6372.flac,ibrahim-al-jibreen,43
41,/content/data_mp3/maher-al-mueaqly-081-at-takwir-3121-7980.flac,maher-al-mueaqly,53
42,/content/data_mp3/al-fath-mhmd-az-zbyr-086-at-tariq-210-4265.flac,al-fath-mhmd-az-zbyr,29
43,/content/data_mp3/ahmed-saoud087-al-ala-5055-6939.flac,ahmed-saoud,27
44,/content/data_mp3/al-fath-mhmd-az-zbyr-088-al-ghashiya-210-6741.flac,al-fath-mhmd-az-zbyr,29
45,/content/data_mp3/mohamed-tablawi078-an-naba-2881-6189.flac,mohamed-tablawi,68
46,/content/data_mp3/abu-bakr-al-shatri097-al-qadr-3719-4350.flac,abu-bakr-al-shatri,19
47,/content/data_mp3/abdul-rashid-ali-sufi106-quraish-2340-8201.flac,abdul-rashid-ali-sufi,10
48,/content/data_mp3/abdullah-awad-al-juhani095-at-tin-8555-2778.flac,abdullah-awad-al-juhani,16
49,/content/data_mp3/abdullah-ibn-ali-basfar-098-al-bayyina-374-7837.flac,abdullah-ibn-ali-basfar,18
50,/content/data_mp3/abdelhamid-hssain-094-ash-sharh-19731-7270.flac,abdelhamid-hssain,6
51,/content/data_mp3/mustapha-al-lahouni-076-al-insan-4653-5498.flac,mustapha-al-lahouni,73
52,/content/data_mp3/ali-jaber110-an-nasr-2562-3316.flac,ali-jaber,34
53,/content/data_mp3/mohamed-tablawi063-al-munafiqoon-2821-4564.flac,mohamed-tablawi,68
54,/content/data_mp3/alzain-mohamed-ahmed098-al-bayyina-6988-8770.flac,alzain-mohamed-ahmed,35
55,/content/data_mp3/nabil-ar-rifai100-al-adiyat-3590-2983.flac,nabil-ar-rifai,77
56,/content/data_mp3/ad-dwkaly-mhmd-al-alm089-al-fajr-209-5280.flac,ad-dwkaly-mhmd-al-alm,21
57,/content/data_mp3/abdelhamid-hssain-001-al-fatiha-19665-2341.flac,abdelhamid-hssain,6
58,/content/data_mp3/fares-abbad094-ash-sharh-1435-3045.flac,fares-abbad,38
59,/content/data_mp3/nasser-al-qatami088-al-ghashiya-5508-5044.flac,nasser-al-qatami,78
60,/content/data_mp3/ayman-swed-098-al-bayyinah-33063-9409.flac,ayman-swed,37
61,/content/data_mp3/hani-ar-rifai-077-al-mursalat-7992-8367.flac,hani-ar-rifai,40
62,/content/data_mp3/omar-al-kazabri105-al-fil-1048-462.flac,omar-al-kazabri,81
63,/content/data_mp3/tawfik-as-sayegh-075-al-qiyama-2993-2728.flac,tawfik-as-sayegh,90
64,/content/data_mp3/ahmed-saoud086-at-tariq-5054-191.flac,ahmed-saoud,27
65,/content/data_mp3/adel-al-kalbani105-al-fil-4029-1883.flac,adel-al-kalbani,24
66,/content/data_mp3/mohammed-al-lohaidan-065-at-talaq-8639-1640.flac,mohammed-al-lohaidan,70
67,/content/data_mp3/abdul-wali-al-arkani001-al-fatiha-8436-1873.flac,abdul-wali-al-arkani,13
68,/content/data_mp3/fares-abbad102-at-takathur-1329-8772.flac,fares-abbad,39
69,/content/data_mp3/saad-el-ghamidi001-al-fatiha-204-9244.flac,saad-el-ghamidi,82
70,/content/data_mp3/maher-al-mueaqly-092-al-lail-3162-6620.flac,maher-al-mueaqly,53
71,/content/data_mp3/mohamed-al-mohisni-062-al-jumua-5765-4193.flac,mohamed-al-mohisni,59
72,/content/data_mp3/ahmed-saoud113-al-falaq-5081-1462.flac,ahmed-saoud,28
73,/content/data_mp3/mustapha-al-lahouni-069-al-haaqqa-4646-2832.flac,mustapha-al-lahouni,73
74,/content/data_mp3/ibrahim-al-akhdar-088-al-ghashiya-1173-7295.flac,ibrahim-al-akhdar,42
75,/content/data_mp3/mohammed-al-lohaidan-071-nooh-8645-4486.flac,mohammed-al-lohaidan,70
76,/content/data_mp3/abdullah-ibn-ali-basfar-092-al-lail-368-2164.flac,abdullah-ibn-ali-basfar,18
77,/content/data_mp3/le-saint-coran-traduit-en-francais113-al-falaq-9060-708.flac,le-saint-coran-traduit-en-francais,52
78,/content/data_mp3/maher-al-mueaqly-095-at-tin-3165-1320.flac,maher-al-mueaqly,53
79,/content/data_mp3/mohammed-al-lohaidan-080-abasa-8654-306.flac,mohammed-al-lohaidan,70
80,/content/data_mp3/abdullah-awad-al-juhani100-al-adiyat-8560-9306.flac,abdullah-awad-al-juhani,17
81,/content/data_mp3/abdul-wadud-haneef107-al-maun-2758-1512.flac,abdul-wadud-haneef,12
82,/content/data_mp3/le-saint-coran-traduit-en-francais105-al-fil-9052-9100.flac,le-saint-coran-traduit-en-francais,52
83,/content/data_mp3/yasser-al-dossari107-al-maun-5024-9973.flac,yasser-al-dossari,92
84,/content/data_mp3/nabil-ar-rifai111-al-masadd-3601-4169.flac,nabil-ar-rifai,77
85,/content/data_mp3/le-saint-coran-traduit-en-francais070-al-maarij-9017-4479.flac,le-saint-coran-traduit-en-francais,51
86,/content/data_mp3/salah-al-hashem076-al-insan-6054-6593.flac,salah-al-hashem,85
87,/content/data_mp3/khalifa-al-tunaiji-082-al-infitar-6630-8117.flac,khalifa-al-tunaiji,48
88,/content/data_mp3/abu-bakr-al-shatri101-al-qaria-3723-5208.flac,abu-bakr-al-shatri,20
89,/content/data_mp3/hani-ar-rifai-081-at-takwir-7996-2053.flac,hani-ar-rifai,40
90,/content/data_mp3/mohamed-el-barak092-al-lail-5332-2095.flac,mohamed-el-barak,63
91,/content/data_mp3/abdullah-al-khayat-095-at-tin-1780-5945.flac,abdullah-al-khayat,15
92,/content/data_mp3/salah-al-budair-083-al-mutaffifin-1236-7945.flac,salah-al-budair,84
93,/content/data_mp3/ibrahim-al-akhdar-083-al-mutaffifin-1168-20.flac,ibrahim-al-akhdar,42
94,/content/data_mp3/nasser-al-qatami100-al-adiyat-5520-8236.flac,nasser-al-qatami,79
95,/content/data_mp3/alzain-mohamed-ahmed102-at-takathur-6992-7966.flac,alzain-mohamed-ahmed,36
96,/content/data_mp3/mustapha-gharbi106-quraish-9167-7756.flac,mustapha-gharbi,75
97,/content/data_mp3/abdul-wadud-haneef096-al-alaq-2747-2706.flac,abdul-wadud-haneef,11
98,/content/data_mp3/mahmud-ali-al-banna-082-al-infitar-2228-7749.flac,mahmud-ali-al-banna,56
99,/content/data_mp3/ali-alhodaifi102-at-takathur-1554-4139.flac,ali-alhodaifi,33
100,/content/data_mp3/ahmed-al-ajmi110-an-nasr-755-1037.flac,ahmed-al-ajmi,26
101,/content/data_mp3/khalifa-al-tunaiji-098-al-bayyina-6646-5428.flac,khalifa-al-tunaiji,48
102,/content/data_mp3/mishary-rashid-alafasy098-al-bayyina-13-3085.flac,mishary-rashid-alafasy,57
103,/content/data_mp3/mahmud-ali-al-banna-081-at-takwir-2227-9381.flac,mahmud-ali-al-banna,56
104,/content/data_mp3/ahmed-saoud110-an-nasr-5078-863.flac,ahmed-saoud,28
105,/content/data_mp3/maher-al-mueaqly-097-al-qadr-3124-2414.flac,maher-al-mueaqly,53
106,/content/data_mp3/mohamed-el-kantaoui-066-at-tahrim-8215-509.flac,mohamed-el-kantaoui,65
107,/content/data_mp3/mustapha-gharbi073-al-muzzammil-9134-8580.flac,mustapha-gharbi,74
108,/content/data_mp3/khaled-al-qahtani-092-al-lail-4237-8444.flac,khaled-al-qahtani,44
109,/content/data_mp3/le-saint-coran-traduit-en-francais073-al-muzzammil-9020-770.flac,le-saint-coran-traduit-en-francais,51
110,/content/data_mp3/ayman-swed-001-al-fatiha-32989-8656.flac,ayman-swed,37
111,/content/data_mp3/mishary-rashid-alafasy084-al-inshiqaq-113-2956.flac,mishary-rashid-alafasy,57
112,/content/data_mp3/mishary-rashid-alafasy092-al-lail-7-6296.flac,mishary-rashid-alafasy,57
113,/content/data_mp3/mohamed-ayoub100-al-adiyat-965-2892.flac,mohamed-ayoub,62
114,/content/data_mp3/ibrahim-al-jibreen-081-at-takwir-5164-7570.flac,ibrahim-al-jibreen,43
115,/content/data_mp3/abdel-aziz-al-ahmed-062-al-jumua-2652-2456.flac,abdel-aziz-al-ahmed,3
116,/content/data_mp3/mishary-rashid-alafasy091-ash-shams-5-5259.flac,mishary-rashid-alafasy,57
117,/content/data_mp3/muhammad-jebril-098-al-bayyina-5452-1006.flac,muhammad-jebril,71
118,/content/data_mp3/abu-bakr-al-shatri104-al-humaza-3726-2586.flac,abu-bakr-al-shatri,20
119,/content/data_mp3/fares-abbad100-al-adiyat-1441-7367.flac,fares-abbad,39
120,/content/data_mp3/abdelbasset-abdessamad085-al-burooj-712-881.flac,abdelbasset-abdessamad,4
121,/content/data_mp3/mohammed-al-lohaidan-081-at-takwir-8655-3731.flac,mohammed-al-lohaidan,70
122,/content/data_mp3/abdallah-kamel-062-al-joumou-a-15911-8217.flac,abdallah-kamel,0
123,/content/data_mp3/adel-al-kalbani110-an-nasr-4034-4407.flac,adel-al-kalbani,24
124,/content/data_mp3/mustapha-gharbi080-abasa-9141-8424.flac,mustapha-gharbi,74
125,/content/data_mp3/laayoun-el-kouchi110-an-nasr-1865-3154.flac,laayoun-el-kouchi,50
126,/content/data_mp3/nasser-al-qatami098-al-bayyina-5518-5102.flac,nasser-al-qatami,78
127,/content/data_mp3/tawfik-as-sayegh-088-al-ghashiya-3006-7486.flac,tawfik-as-sayegh,90
128,/content/data_mp3/mohamed-tablawi081-at-takwir-2822-2900.flac,mohamed-tablawi,68
129,/content/data_mp3/ibrahim-al-jibreen-092-al-lail-5175-7637.flac,ibrahim-al-jibreen,43
130,/content/data_mp3/abdallah-matroud095-at-tin-324-291.flac,abdallah-matroud,1
131,/content/data_mp3/muhammad-taha-al-junaid-081-at-takwir-33092-400.flac,muhammad-taha-al-junaid,72
132,/content/data_mp3/mohamed-ayoub101-al-qaria-966-7585.flac,mohamed-ayoub,62
133,/content/data_mp3/abu-bakr-al-shatri100-al-adiyat-3722-9924.flac,abu-bakr-al-shatri,20
134,/content/data_mp3/ali-alhodaifi105-al-fil-1519-4103.flac,ali-alhodaifi,33
135,/content/data_mp3/salah-al-budair-088-al-ghashiya-1241-7903.flac,salah-al-budair,84
136,/content/data_mp3/muhammad-jebril-094-ash-sharh-5448-8672.flac,muhammad-jebril,71
137,/content/data_mp3/mohamed-al-mohisni-094-ash-sharh-5796-3295.flac,mohamed-al-mohisni,59
138,/content/data_mp3/abdallah-matroud103-al-asr-332-8523.flac,abdallah-matroud,2
139,/content/data_mp3/mohamed-tablawi104-al-humaza-2849-3382.flac,mohamed-tablawi,69
140,/content/data_mp3/abdel-aziz-al-ahmed-080-abasa-2623-3251.flac,abdel-aziz-al-ahmed,3
141,/content/data_mp3/al-qari-yassen110-an-nasr-3411-1981.flac,al-qari-yassen,31
142,/content/data_mp3/ali-alhodaifi107-al-maun-1521-4043.flac,ali-alhodaifi,33
143,/content/data_mp3/mohammed-al-lohaidan-063-al-munafiqoon-8637-5870.flac,mohammed-al-lohaidan,70
144,/content/data_mp3/abu-bakr-al-shatri094-ash-sharh-3716-2787.flac,abu-bakr-al-shatri,19
145,/content/data_mp3/abdelhamid-hssain-080-abasa-19717-7171.flac,abdelhamid-hssain,6
146,/content/data_mp3/abdul-wali-al-arkani095-at-tin-113413-4722.flac,abdul-wali-al-arkani,13
147,/content/data_mp3/khaled-al-qahtani-089-al-fajr-4234-6303.flac,khaled-al-qahtani,44
148,/content/data_mp3/hani-ar-rifai-085-al-burooj-8000-2486.flac,hani-ar-rifai,40
149,/content/data_mp3/abdelhamid-hssain-085-al-bourouj-19722-8031.flac,abdelhamid-hssain,6
150,/content/data_mp3/laayoun-el-kouchi108-al-kauther-1863-7696.flac,laayoun-el-kouchi,50
151,/content/data_mp3/salah-al-hashem077-al-mursalat-6055-6202.flac,salah-al-hashem,85
152,/content/data_mp3/alzain-mohamed-ahmed085-al-burooj-6975-2192.flac,alzain-mohamed-ahmed,35
153,/content/data_mp3/abu-bakr-al-shatri096-al-alaq-3718-3541.flac,abu-bakr-al-shatri,19
154,/content/data_mp3/salah-al-budair-091-ash-shams-1244-1721.flac,salah-al-budair,84
155,/content/data_mp3/fares-abbad086-at-tariq-1427-190.flac,fares-abbad,38
156,/content/data_mp3/mohamed-el-kantaoui-081-at-takwir-8232-7724.flac,mohamed-el-kantaoui,65
157,/content/data_mp3/khalid-al-jalil109-al-kafiroune-26322-2678.flac,khalid-al-jalil,47
158,/content/data_mp3/mohammed-al-lohaidan-079-an-naziat-8653-7765.flac,mohammed-al-lohaidan,70
159,/content/data_mp3/adel-al-kalbani099-al-zalzala-4023-2836.flac,adel-al-kalbani,23
160,/content/data_mp3/salah-bukhatir001-al-fatiha-2025-4294.flac,salah-bukhatir,87
161,/content/data_mp3/mustapha-gharbi101-al-qaria-9162-8434.flac,mustapha-gharbi,75
162,/content/data_mp3/ahmed-al-ajmi001-al-fatiha-858-658.flac,ahmed-al-ajmi,25
163,/content/data_mp3/nabil-ar-rifai110-an-nasr-3600-276.flac,nabil-ar-rifai,77
164,/content/data_mp3/le-saint-coran-traduit-en-francais089-al-fajr-9036-7776.flac,le-saint-coran-traduit-en-francais,51
165,/content/data_mp3/hassan-saleh-085-al-burooj-9775-513.flac,hassan-saleh,41
166,/content/data_mp3/abdul-rahman-al-sudais081-at-takwir-3206-8805.flac,abdul-rahman-al-sudais,7
167,/content/data_mp3/abdul-rashid-ali-sufi104-al-humaza-2338-6111.flac,abdul-rashid-ali-sufi,10
168,/content/data_mp3/omar-al-kazabri091-ash-shams-1034-7759.flac,omar-al-kazabri,80
169,/content/data_mp3/abdul-wadud-haneef086-at-tariq-2737-974.flac,abdul-wadud-haneef,11
170,/content/data_mp3/mohamed-seddik-el-menchaoui088-al-ghashiya-491-2874.flac,mohamed-seddik-el-menchaoui,66
171,/content/data_mp3/abdullah-ibn-ali-basfar-081-at-takwir-357-4971.flac,abdullah-ibn-ali-basfar,18
172,/content/data_mp3/mohamed-el-barak096-al-alaq-5336-3489.flac,mohamed-el-barak,63
173,/content/data_mp3/muhammad-taha-al-junaid-084-al-inshiqaq-33110-5681.flac,muhammad-taha-al-junaid,72
174,/content/data_mp3/laayoun-el-kouchi105-al-fil-1829-2630.flac,laayoun-el-kouchi,50
175,/content/data_mp3/le-saint-coran-traduit-en-francais114-an-nas-9061-9093.flac,le-saint-coran-traduit-en-francais,52
176,/content/data_mp3/abdul-wali-al-arkani092-al-layl-113414-7506.flac,abdul-wali-al-arkani,13
177,/content/data_mp3/alzain-mohamed-ahmed103-al-asr-6993-7371.flac,alzain-mohamed-ahmed,36
178,/content/data_mp3/salah-al-budair-087-al-ala-1240-4346.flac,salah-al-budair,84
179,/content/data_mp3/khaled-al-qahtani-093-ad-dhuha-4238-947.flac,khaled-al-qahtani,44
180,/content/data_mp3/le-saint-coran-traduit-en-francais082-al-infitar-9029-9108.flac,le-saint-coran-traduit-en-francais,51
181,/content/data_mp3/ad-dwkaly-mhmd-al-alm084-al-inshiqaq-209-7839.flac,ad-dwkaly-mhmd-al-alm,21
182,/content/data_mp3/muhammad-jebril-095-at-tin-5449-9719.flac,muhammad-jebril,71
183,/content/data_mp3/khalifa-al-tunaiji-088-al-ghashiya-6636-2115.flac,khalifa-al-tunaiji,48
184,/content/data_mp3/ayman-swed-075-al-qiyamah-33040-1768.flac,ayman-swed,37
185,/content/data_mp3/abdel-aziz-al-ahmed-072-al-jinn-2615-7294.flac,abdel-aziz-al-ahmed,3
186,/content/data_mp3/mohamed-ayoub094-ash-sharh-959-9203.flac,mohamed-ayoub,61
187,/content/data_mp3/tawfik-as-sayegh-077-al-mursalat-2995-5643.flac,tawfik-as-sayegh,90
188,/content/data_mp3/mohamed-seddik-el-menchaoui086-at-tariq-489-7876.flac,mohamed-seddik-el-menchaoui,66
189,/content/data_mp3/muhammad-jebril-089-al-fajr-5443-4496.flac,muhammad-jebril,71
190,/content/data_mp3/adel-al-kalbani083-al-mutaffifin-4007-1650.flac,adel-al-kalbani,23
191,/content/data_mp3/abdul-rashid-ali-sufi105-al-fil-2339-1766.flac,abdul-rashid-ali-sufi,10
192,/content/data_mp3/abdullah-ibn-ali-basfar-082-al-infitar-358-2233.flac,abdullah-ibn-ali-basfar,18
193,/content/data_mp3/abdelhamid-hssain-089-al-fajr-19726-3644.flac,abdelhamid-hssain,6
194,/content/data_mp3/mohamed-seddik-el-menchaoui090-al-balad-493-2745.flac,mohamed-seddik-el-menchaoui,66
195,/content/data_mp3/mohamed-ayoub093-ad-dhuha-958-817.flac,mohamed-ayoub,61
196,/content/data_mp3/salah-bukhatir104-al-humaza-2127-3303.flac,salah-bukhatir,88
197,/content/data_mp3/ahmed-al-ajmi094-ash-sharh-739-3328.flac,ahmed-al-ajmi,25
198,/content/data_mp3/abdel-aziz-al-ahmed-077-al-mursalat-2620-1636.flac,abdel-aziz-al-ahmed,3
199,/content/data_mp3/salah-al-budair-090-al-balad-1243-8173.flac,salah-al-budair,84
200,/content/data_mp3/hassan-saleh-001-al-fatiha-9691-1089.flac,hassan-saleh,41
201,/content/data_mp3/yasser-al-dossari111-al-masadd-5028-8010.flac,yasser-al-dossari,92
202,/content/data_mp3/tawfik-as-sayegh-086-at-tariq-3004-9039.flac,tawfik-as-sayegh,90
203,/content/data_mp3/ali-alhodaifi109-al-kafiroon-1523-2765.flac,ali-alhodaifi,33
204,/content/data_mp3/saoud-shuraim-083-al-mutaffifin-576-4840.flac,saoud-shuraim,89
205,/content/data_mp3/hassan-saleh-075-al-qiyama-9765-1470.flac,hassan-saleh,41
206,/content/data_mp3/salah-al-hashem103-al-asr-6081-4538.flac,salah-al-hashem,86
207,/content/data_mp3/mohamed-ayoub084-al-inshiqaq-985-9471.flac,mohamed-ayoub,61
208,/content/data_mp3/tawfik-as-sayegh-114-an-nas-2982-7770.flac,tawfik-as-sayegh,91
209,/content/data_mp3/mohamed-el-kantaoui-087-al-ala-8238-6104.flac,mohamed-el-kantaoui,65
210,/content/data_mp3/mustapha-al-lahouni-067-al-mulk-4644-4100.flac,mustapha-al-lahouni,73
211,/content/data_mp3/abdul-wadud-haneef094-ash-sharh-2745-3211.flac,abdul-wadud-haneef,11
212,/content/data_mp3/mohammed-al-lohaidan-082-al-infitar-8656-2632.flac,mohammed-al-lohaidan,70
213,/content/data_mp3/yasser-al-dossari105-al-fil-5022-6215.flac,yasser-al-dossari,92
214,/content/data_mp3/mohammed-al-lohaidan-089-al-fajr-8663-4594.flac,mohammed-al-lohaidan,70
215,/content/data_mp3/khalid-al-jalil097-al-qadr-26302-6143.flac,khalid-al-jalil,46
216,/content/data_mp3/mishary-rashid-alafasy114-an-nas-29-5141.flac,mishary-rashid-alafasy,58
217,/content/data_mp3/ibrahim-al-akhdar-091-ash-shams-1176-4734.flac,ibrahim-al-akhdar,42
218,/content/data_mp3/mahmoud-khalil-al-hussary103-al-asr-2456-1612.flac,mahmoud-khalil-al-hussary,55
219,/content/data_mp3/ali-jaber114-an-nas-2566-4183.flac,ali-jaber,34
220,/content/data_mp3/ad-dwkaly-mhmd-al-alm104-al-humaza-209-4573.flac,ad-dwkaly-mhmd-al-alm,22
221,/content/data_mp3/mohamed-ayoub096-al-alaq-961-3716.flac,mohamed-ayoub,61
222,/content/data_mp3/khaled-al-qahtani-094-ash-sharh-4239-4808.flac,khaled-al-qahtani,44
223,/content/data_mp3/al-qari-yassen103-al-asr-3404-6694.flac,al-qari-yassen,31
224,/content/data_mp3/mustapha-gharbi062-al-jumua-9123-8845.flac,mustapha-gharbi,74
225,/content/data_mp3/mohammed-al-lohaidan-085-al-burooj-8659-7883.flac,mohammed-al-lohaidan,70
226,/content/data_mp3/abu-bakr-al-shatri001-al-fatiha-3656-9635.flac,abu-bakr-al-shatri,19
227,/content/data_mp3/salah-al-hashem071-nooh-6049-646.flac,salah-al-hashem,85
228,/content/data_mp3/salah-al-budair-093-ad-dhuha-1246-5066.flac,salah-al-budair,84
229,/content/data_mp3/mohamed-tablawi062-al-jumua-2820-5250.flac,mohamed-tablawi,68
230,/content/data_mp3/mohamed-seddik-el-menchaoui091-ash-shams-494-2080.flac,mohamed-seddik-el-menchaoui,66
231,/content/data_mp3/abdul-rahman-al-sudais073-al-muzzammil-3198-239.flac,abdul-rahman-al-sudais,7
232,/content/data_mp3/ibrahim-al-jibreen-001-al-fatiha-5669-4006.flac,ibrahim-al-jibreen,43
233,/content/data_mp3/abdul-rashid-ali-sufi102-at-takathur-2336-4090.flac,abdul-rashid-ali-sufi,10
234,/content/data_mp3/abdel-aziz-al-ahmed-064-at-taghabun-2607-5800.flac,abdel-aziz-al-ahmed,3
235,/content/data_mp3/alzain-mohamed-ahmed089-al-fajr-6979-9627.flac,alzain-mohamed-ahmed,35
236,/content/data_mp3/khalid-al-jalil099-al-zalzalah-26303-4818.flac,khalid-al-jalil,46
237,/content/data_mp3/tawfik-as-sayegh-113-al-falaq-2981-5036.flac,tawfik-as-sayegh,91
238,/content/data_mp3/mohamed-al-mohisni-063-al-munafiqoon-5766-4784.flac,mohamed-al-mohisni,59
239,/content/data_mp3/abdullah-ibn-ali-basfar-078-an-naba-354-4218.flac,abdullah-ibn-ali-basfar,18
240,/content/data_mp3/ibrahim-al-akhdar-084-al-inshiqaq-1169-7024.flac,ibrahim-al-akhdar,42
241,/content/data_mp3/mohamed-al-mohisni-090-al-balad-5792-387.flac,mohamed-al-mohisni,59
242,/content/data_mp3/abdel-aziz-al-ahmed-083-al-mutaffifin-2626-9674.flac,abdel-aziz-al-ahmed,3
243,/content/data_mp3/mahmoud-khalil-al-hussary114-an-nas-2467-1412.flac,mahmoud-khalil-al-hussary,55
244,/content/data_mp3/fares-abbad091-ash-shams-1432-797.flac,fares-abbad,38
245,/content/data_mp3/ad-dwkaly-mhmd-al-alm093-ad-dhuha-209-5995.flac,ad-dwkaly-mhmd-al-alm,21
246,/content/data_mp3/mohamed-aljabery-al-heyani-095-at-tin-8361-218.flac,mohamed-aljabery-al-heyani,60
247,/content/data_mp3/mohammed-al-lohaidan-076-al-insan-8650-2679.flac,mohammed-al-lohaidan,70
248,/content/data_mp3/le-saint-coran-traduit-en-francais062-al-jumua-9009-1030.flac,le-saint-coran-traduit-en-francais,51
249,/content/data_mp3/saoud-shuraim-090-al-balad-534-6241.flac,saoud-shuraim,89
250,/content/data_mp3/khalid-al-jalil095-at-tin-26301-2087.flac,khalid-al-jalil,46
251,/content/data_mp3/adel-al-kalbani113-al-falaq-4037-4628.flac,adel-al-kalbani,24
252,/content/data_mp3/muhammad-jebril-081-at-takwir-5435-8075.flac,muhammad-jebril,71
253,/content/data_mp3/al-qari-yassen106-quraish-3407-263.flac,al-qari-yassen,31
254,/content/data_mp3/yasser-al-dossari104-al-humaza-5021-4017.flac,yasser-al-dossari,92
255,/content/data_mp3/yasser-al-dossari103-al-asr-5020-1973.flac,yasser-al-dossari,92
256,/content/data_mp3/abdullah-ibn-ali-basfar-080-abasa-356-4455.flac,abdullah-ibn-ali-basfar,18
257,/content/data_mp3/abdallah-kamel-089-al-fajr-15938-1264.flac,abdallah-kamel,0
258,/content/data_mp3/ad-dwkaly-mhmd-al-alm090-al-balad-209-7440.flac,ad-dwkaly-mhmd-al-alm,21
259,/content/data_mp3/abdel-aziz-al-ahmed-063-al-munafiqoon-2606-6713.flac,abdel-aziz-al-ahmed,3
260,/content/data_mp3/abdul-wadud-haneef093-ad-dhuha-2744-4356.flac,abdul-wadud-haneef,11
261,/content/data_mp3/muhammad-taha-al-junaid-098-al-bayyinah-33127-786.flac,muhammad-taha-al-junaid,72
262,/content/data_mp3/ahmed-saoud109-al-kafiroon-5077-7130.flac,ahmed-saoud,28
263,/content/data_mp3/al-qari-yassen104-al-humaza-3405-9510.flac,al-qari-yassen,31
264,/content/data_mp3/abdullah-al-khayat-097-al-qadr-1782-7029.flac,abdullah-al-khayat,15
265,/content/data_mp3/abdul-wali-al-arkani090-al-balad-113415-5531.flac,abdul-wali-al-arkani,13
266,/content/data_mp3/mohamed-aljabery-al-heyani-082-al-infitar-8347-7337.flac,mohamed-aljabery-al-heyani,60
267,/content/data_mp3/le-saint-coran-traduit-en-francais078-an-naba-9025-232.flac,le-saint-coran-traduit-en-francais,51
268,/content/data_mp3/abdallah-kamel-090-al-balad-15939-9348.flac,abdallah-kamel,0
269,/content/data_mp3/ad-dwkaly-mhmd-al-alm079-an-nazi-at-209-8222.flac,ad-dwkaly-mhmd-al-alm,21
270,/content/data_mp3/mohammed-al-lohaidan-001-al-fatiha-8575-3583.flac,mohammed-al-lohaidan,70
271,/content/data_mp3/abdelbasset-abdessamad110-an-nasr-699-7564.flac,abdelbasset-abdessamad,5
272,/content/data_mp3/salah-al-hashem072-al-jinn-6050-8208.flac,salah-al-hashem,85
273,/content/data_mp3/salah-bukhatir109-al-kafiroon-2095-487.flac,salah-bukhatir,88
274,/content/data_mp3/al-fath-mhmd-az-zbyr-085-al-bourouj-210-1765.flac,al-fath-mhmd-az-zbyr,29
275,/content/data_mp3/adel-al-kalbani081-at-takwir-4005-6686.flac,adel-al-kalbani,23
276,/content/data_mp3/ahmed-saoud096-al-alaq-5064-5701.flac,ahmed-saoud,27
277,/content/data_mp3/mohammed-al-lohaidan-084-al-inshiqaq-8658-1775.flac,mohammed-al-lohaidan,70
278,/content/data_mp3/abdallah-kamel-079-an-nazi-at-15928-6467.flac,abdallah-kamel,0
279,/content/data_mp3/mustapha-gharbi102-at-takathur-9163-3749.flac,mustapha-gharbi,75
280,/content/data_mp3/ibrahim-al-jibreen-080-abasa-5163-5446.flac,ibrahim-al-jibreen,43
281,/content/data_mp3/muhammad-jebril-087-al-ala-5441-5157.flac,muhammad-jebril,71
282,/content/data_mp3/hassan-saleh-095-at-tin-9785-7812.flac,hassan-saleh,41
283,/content/data_mp3/ibrahim-al-akhdar-079-an-naziat-1195-2840.flac,ibrahim-al-akhdar,42
284,/content/data_mp3/mustapha-al-lahouni-001-al-fatiha-4578-3903.flac,mustapha-al-lahouni,73
285,/content/data_mp3/tawfik-as-sayegh-001-al-fatiha-2919-803.flac,tawfik-as-sayegh,90
286,/content/data_mp3/adel-al-kalbani078-an-naba-4060-7057.flac,adel-al-kalbani,23
287,/content/data_mp3/saoud-shuraim-091-ash-shams-597-5437.flac,saoud-shuraim,89
288,/content/data_mp3/laayoun-el-kouchi103-al-asr-1827-5371.flac,laayoun-el-kouchi,50
289,/content/data_mp3/mustapha-gharbi083-al-mutaffifin-9144-186.flac,mustapha-gharbi,74
290,/content/data_mp3/adel-al-kalbani111-al-masadd-4035-9952.flac,adel-al-kalbani,24
291,/content/data_mp3/nasser-al-qatami084-al-inshiqaq-5504-4010.flac,nasser-al-qatami,78
292,/content/data_mp3/abdullah-ibn-ali-basfar-079-an-naziat-355-1267.flac,abdullah-ibn-ali-basfar,18
293,/content/data_mp3/mohamed-aljabery-al-heyani-075-al-qiyama-8339-7301.flac,mohamed-aljabery-al-heyani,60
294,/content/data_mp3/mohammed-al-lohaidan-086-at-tariq-8660-8514.flac,mohammed-al-lohaidan,70
295,/content/data_mp3/ibrahim-al-jibreen-083-al-mutaffifin-5166-1724.flac,ibrahim-al-jibreen,43
296,/content/data_mp3/ayman-swed-093-ad-dhuha-33058-7949.flac,ayman-swed,37
297,/content/data_mp3/muhammad-taha-al-junaid-089-al-fajr-33118-5161.flac,muhammad-taha-al-junaid,72
298,/content/data_mp3/abdul-wadud-haneef095-at-tin-2746-2871.flac,abdul-wadud-haneef,11
299,/content/data_mp3/le-saint-coran-traduit-en-francais101-al-qaria-9048-3834.flac,le-saint-coran-traduit-en-francais,52
300,/content/data_mp3/nabil-ar-rifai107-al-maun-3597-6147.flac,nabil-ar-rifai,77
301,/content/data_mp3/abdullah-ibn-ali-basfar-086-at-tariq-362-2798.flac,abdullah-ibn-ali-basfar,18
302,/content/data_mp3/hani-ar-rifai-075-al-qiyama-7990-401.flac,hani-ar-rifai,40
303,/content/data_mp3/muhammad-jebril-084-al-inshiqaq-5438-9174.flac,muhammad-jebril,71
304,/content/data_mp3/abdullah-al-khayat-087-al-ala-1772-6573.flac,abdullah-al-khayat,15
305,/content/data_mp3/abdul-rashid-ali-sufi103-al-asr-2337-7149.flac,abdul-rashid-ali-sufi,10
306,/content/data_mp3/mohamed-tablawi112-al-ikhlas-2857-8223.flac,mohamed-tablawi,69
307,/content/data_mp3/abdul-rashid-ali-sufi001-al-fatiha-2058-880.flac,abdul-rashid-ali-sufi,9
308,/content/data_mp3/saoud-shuraim-064-at-taghabun-604-8934.flac,saoud-shuraim,89
309,/content/data_mp3/muhammad-taha-al-junaid-097-al-qadr-33126-6106.flac,muhammad-taha-al-junaid,72
310,/content/data_mp3/salah-al-budair-085-al-burooj-1238-2499.flac,salah-al-budair,84
311,/content/data_mp3/saad-el-ghamidi111-al-masadd-200-4099.flac,saad-el-ghamidi,83
312,/content/data_mp3/ibrahim-al-akhdar-080-abasa-1196-8413.flac,ibrahim-al-akhdar,42
313,/content/data_mp3/abdelbasset-abdessamad112-al-ikhlas-700-9048.flac,abdelbasset-abdessamad,5
314,/content/data_mp3/nabil-ar-rifai114-an-nas-3604-704.flac,nabil-ar-rifai,77
315,/content/data_mp3/salah-al-budair-001-al-fatiha-1215-4909.flac,salah-al-budair,84
316,/content/data_mp3/mahmoud-khalil-al-hussary001-al-fatiha-2363-3757.flac,mahmoud-khalil-al-hussary,54
317,/content/data_mp3/mustapha-gharbi081-at-takwir-9142-8726.flac,mustapha-gharbi,74
318,/content/data_mp3/abdallah-kamel-073-al-muzzammil-15922-3222.flac,abdallah-kamel,0
319,/content/data_mp3/mohamed-el-kantaoui-065-at-talaq-8214-107.flac,mohamed-el-kantaoui,65
320,/content/data_mp3/mishary-rashid-alafasy072-al-jinn-101-203.flac,mishary-rashid-alafasy,57
321,/content/data_mp3/ali-alhodaifi101-al-qaria-1553-5591.flac,ali-alhodaifi,33
322,/content/data_mp3/ibrahim-al-akhdar-001-al-fatiha-1161-9603.flac,ibrahim-al-akhdar,42
323,/content/data_mp3/abdelhamid-hssain-082-al-infitar-19719-4814.flac,abdelhamid-hssain,6
324,/content/data_mp3/al-fath-mhmd-az-zbyr-084-al-inshiqaq-210-8289.flac,al-fath-mhmd-az-zbyr,29
325,/content/data_mp3/alzain-mohamed-ahmed104-al-humaza-6994-859.flac,alzain-mohamed-ahmed,36
326,/content/data_mp3/tawfik-as-sayegh-091-ash-shams-3009-6266.flac,tawfik-as-sayegh,90
327,/content/data_mp3/mohamed-el-barak098-al-bayyina-5338-4586.flac,mohamed-el-barak,63
328,/content/data_mp3/saad-el-ghamidi089-al-fajr-178-2514.flac,saad-el-ghamidi,82
329,/content/data_mp3/ali-jaber103-al-asr-2555-7715.flac,ali-jaber,34
330,/content/data_mp3/abdel-aziz-al-ahmed-078-an-naba-2621-1073.flac,abdel-aziz-al-ahmed,3
331,/content/data_mp3/mohamed-ayoub091-ash-shams-956-1093.flac,mohamed-ayoub,61
332,/content/data_mp3/mahmoud-khalil-al-hussary111-al-masadd-2464-4075.flac,mahmoud-khalil-al-hussary,55
333,/content/data_mp3/ad-dwkaly-mhmd-al-alm081-at-takwir-209-3023.flac,ad-dwkaly-mhmd-al-alm,21
334,/content/data_mp3/abdelhamid-hssain-095-at-tin-19732-4700.flac,abdelhamid-hssain,6
335,/content/data_mp3/adel-al-kalbani001-al-fatiha-4039-3957.flac,adel-al-kalbani,23
336,/content/data_mp3/mohamed-el-barak111-al-masadd-5351-9948.flac,mohamed-el-barak,64
337,/content/data_mp3/salah-al-hashem075-al-qiyama-6053-5719.flac,salah-al-hashem,85
338,/content/data_mp3/abdullah-ibn-ali-basfar-088-al-ghashiya-364-2742.flac,abdullah-ibn-ali-basfar,18
339,/content/data_mp3/mohamed-tablawi095-at-tin-2836-7099.flac,mohamed-tablawi,68
340,/content/data_mp3/muhammad-taha-al-junaid-093-ad-dhuha-33122-4209.flac,muhammad-taha-al-junaid,72
341,/content/data_mp3/nasser-al-qatami097-al-qadr-5517-8444.flac,nasser-al-qatami,78
342,/content/data_mp3/ahmed-saoud104-al-humaza-5072-9527.flac,ahmed-saoud,28
343,/content/data_mp3/abdallah-kamel-075-al-qiyamah-15924-4287.flac,abdallah-kamel,0
344,/content/data_mp3/ayman-swed-080-abasa-33045-9066.flac,ayman-swed,37
345,/content/data_mp3/ibrahim-al-jibreen-078-an-naba-5161-5648.flac,ibrahim-al-jibreen,43
346,/content/data_mp3/khalid-al-jalil101-al-qariah-26305-8431.flac,khalid-al-jalil,47
347,/content/data_mp3/nabil-ar-rifai113-al-falaq-3603-5273.flac,nabil-ar-rifai,77
348,/content/data_mp3/nasser-al-qatami092-al-lail-5512-1090.flac,nasser-al-qatami,78
349,/content/data_mp3/muhammad-taha-al-junaid-088-al-ghashiya-33117-5353.flac,muhammad-taha-al-junaid,72
350,/content/data_mp3/ahmed-saoud100-al-adiyat-5068-4499.flac,ahmed-saoud,28
351,/content/data_mp3/ali-jaber112-al-ikhlas-2564-1350.flac,ali-jaber,34
352,/content/data_mp3/mahmud-ali-al-banna-084-al-inshiqaq-2230-4806.flac,mahmud-ali-al-banna,56
353,/content/data_mp3/alzain-mohamed-ahmed101-al-qaria-6991-2490.flac,alzain-mohamed-ahmed,36
354,/content/data_mp3/abdel-aziz-al-ahmed-082-al-infitar-2625-3845.flac,abdel-aziz-al-ahmed,3
355,/content/data_mp3/abdullah-al-khayat-093-ad-dhuha-1778-6630.flac,abdullah-al-khayat,15
356,/content/data_mp3/abdul-rahman-al-sudais056-al-waqia-3036-6402.flac,abdul-rahman-al-sudais,7
357,/content/data_mp3/salah-al-budair-078-an-naba-1231-5345.flac,salah-al-budair,84
358,/content/data_mp3/le-saint-coran-traduit-en-francais100-al-adiyat-9047-6285.flac,le-saint-coran-traduit-en-francais,52
359,/content/data_mp3/salah-bukhatir110-an-nasr-2096-7596.flac,salah-bukhatir,88
360,/content/data_mp3/omar-al-kazabri093-ad-dhuha-1036-3015.flac,omar-al-kazabri,80
361,/content/data_mp3/abdallah-matroud096-al-alaq-325-4923.flac,abdallah-matroud,1
362,/content/data_mp3/mahmud-ali-al-banna-088-al-ghashiya-2234-5504.flac,mahmud-ali-al-banna,56
363,/content/data_mp3/mahmud-ali-al-banna-090-al-balad-2236-2875.flac,mahmud-ali-al-banna,56
364,/content/data_mp3/adel-al-kalbani079-an-naziat-4061-6133.flac,adel-al-kalbani,23
365,/content/data_mp3/mohamed-el-kantaoui-073-al-muzzammil-8223-9755.flac,mohamed-el-kantaoui,65
366,/content/data_mp3/muhammad-jebril-082-al-infitar-5436-3424.flac,muhammad-jebril,71
367,/content/data_mp3/abdul-wali-al-arkani081-at-takwir-113423-8551.flac,abdul-wali-al-arkani,13
368,/content/data_mp3/tawfik-as-sayegh-097-al-qadr-2965-2484.flac,tawfik-as-sayegh,90
369,/content/data_mp3/abdel-aziz-al-ahmed-084-al-inshiqaq-2627-4359.flac,abdel-aziz-al-ahmed,3
370,/content/data_mp3/hassan-saleh-087-al-ala-9777-5568.flac,hassan-saleh,41
371,/content/data_mp3/ali-alhodaifi108-al-kauther-1522-7948.flac,ali-alhodaifi,33
372,/content/data_mp3/ibrahim-al-jibreen-089-al-fajr-5172-1333.flac,ibrahim-al-jibreen,43
373,/content/data_mp3/mustapha-al-lahouni-072-al-jinn-4649-1983.flac,mustapha-al-lahouni,73
374,/content/data_mp3/mohamed-aljabery-al-heyani-091-ash-shams-8357-4562.flac,mohamed-aljabery-al-heyani,60
375,/content/data_mp3/abdul-wadud-haneef101-al-qaria-2752-9817.flac,abdul-wadud-haneef,12
376,/content/data_mp3/abdelbasset-abdessamad098-al-bayyina-688-4279.flac,abdelbasset-abdessamad,4
377,/content/data_mp3/tawfik-as-sayegh-101-al-qaria-2969-9107.flac,tawfik-as-sayegh,91
378,/content/data_mp3/khalifa-al-tunaiji-087-al-ala-6635-5246.flac,khalifa-al-tunaiji,48
379,/content/data_mp3/mustapha-al-lahouni-074-al-muddathir-4651-8866.flac,mustapha-al-lahouni,73
380,/content/data_mp3/mahmud-ali-al-banna-080-abasa-2226-8957.flac,mahmud-ali-al-banna,56
381,/content/data_mp3/omar-al-kazabri099-al-zalzala-1042-9109.flac,omar-al-kazabri,80
382,/content/data_mp3/abdul-wadud-haneef100-al-adiyat-2751-8932.flac,abdul-wadud-haneef,12
383,/content/data_mp3/ad-dwkaly-mhmd-al-alm088-al-ghashiya-209-6265.flac,ad-dwkaly-mhmd-al-alm,21
384,/content/data_mp3/omar-al-kazabri094-ash-sharh-1037-6925.flac,omar-al-kazabri,80
385,/content/data_mp3/mohamed-ayoub097-al-qadr-962-6126.flac,mohamed-ayoub,61
386,/content/data_mp3/alzain-mohamed-ahmed095-at-tin-6985-2003.flac,alzain-mohamed-ahmed,35
387,/content/data_mp3/mishary-rashid-alafasy080-abasa-109-4168.flac,mishary-rashid-alafasy,57
388,/content/data_mp3/abdul-wadud-haneef087-al-ala-2738-3437.flac,abdul-wadud-haneef,11
389,/content/data_mp3/abdul-rashid-ali-sufi100-al-adiyat-2334-8715.flac,abdul-rashid-ali-sufi,10
390,/content/data_mp3/al-fath-mhmd-az-zbyr-082-al-infitar-210-4082.flac,al-fath-mhmd-az-zbyr,29
391,/content/data_mp3/hani-ar-rifai-074-al-muddathir-7989-7611.flac,hani-ar-rifai,40
392,/content/data_mp3/abdullah-al-khayat-091-ash-shams-1776-4790.flac,abdullah-al-khayat,15
393,/content/data_mp3/khalid-al-jalil102-at-takathour-26308-5817.flac,khalid-al-jalil,47
394,/content/data_mp3/le-saint-coran-traduit-en-francais090-al-balad-9037-4108.flac,le-saint-coran-traduit-en-francais,51
395,/content/data_mp3/al-fath-mhmd-az-zbyr-079-an-nazi-at-210-8248.flac,al-fath-mhmd-az-zbyr,29
396,/content/data_mp3/khaled-al-qahtani-098-al-bayyina-4243-2598.flac,khaled-al-qahtani,44
397,/content/data_mp3/mohamed-el-barak082-al-infitar-5322-5653.flac,mohamed-el-barak,63
398,/content/data_mp3/nabil-ar-rifai103-al-asr-3593-3083.flac,nabil-ar-rifai,77
399,/content/data_mp3/abu-bakr-al-shatri103-al-asr-3725-5022.flac,abu-bakr-al-shatri,20
400,/content/data_mp3/khalifa-al-tunaiji-093-ad-dhuha-6641-192.flac,khalifa-al-tunaiji,48
401,/content/data_mp3/laayoun-el-kouchi106-quraish-1830-4854.flac,laayoun-el-kouchi,50
402,/content/data_mp3/mohamed-aljabery-al-heyani-073-al-muzzammil-8337-5000.flac,mohamed-aljabery-al-heyani,60
403,/content/data_mp3/nabil-ar-rifai099-al-zalzala-3589-2534.flac,nabil-ar-rifai,76
404,/content/data_mp3/salah-bukhatir112-al-ikhlas-2098-6354.flac,salah-bukhatir,88
405,/content/data_mp3/al-fath-mhmd-az-zbyr-081-at-takwir-210-6578.flac,al-fath-mhmd-az-zbyr,29
406,/content/data_mp3/abdul-rahman-al-sudais096-al-alaq-3172-9626.flac,abdul-rahman-al-sudais,7
407,/content/data_mp3/mohamed-tablawi080-abasa-2883-5823.flac,mohamed-tablawi,68
408,/content/data_mp3/salah-al-hashem104-al-humaza-6082-9709.flac,salah-al-hashem,86
409,/content/data_mp3/mohamed-el-kantaoui-063-al-munafiqoon-8212-8424.flac,mohamed-el-kantaoui,65
410,/content/data_mp3/hani-ar-rifai-083-al-mutaffifin-7998-8413.flac,hani-ar-rifai,40
411,/content/data_mp3/ayman-swed-085-al-bourouj-33050-6439.flac,ayman-swed,37
412,/content/data_mp3/mahmud-ali-al-banna-001-al-fatiha-2132-3825.flac,mahmud-ali-al-banna,56
413,/content/data_mp3/muhammad-taha-al-junaid-085-al-bourouj-33114-9412.flac,muhammad-taha-al-junaid,72
414,/content/data_mp3/mohammed-al-lohaidan-073-al-muzzammil-8647-219.flac,mohammed-al-lohaidan,70
415,/content/data_mp3/mahmud-ali-al-banna-093-ad-dhuha-2239-9680.flac,mahmud-ali-al-banna,56
416,/content/data_mp3/ad-dwkaly-mhmd-al-alm078-an-naba-209-8586.flac,ad-dwkaly-mhmd-al-alm,21
417,/content/data_mp3/abdel-aziz-al-ahmed-075-al-qiyama-2618-3612.flac,abdel-aziz-al-ahmed,3
418,/content/data_mp3/ad-dwkaly-mhmd-al-alm086-at-tariq-209-4558.flac,ad-dwkaly-mhmd-al-alm,21
419,/content/data_mp3/salah-al-hashem102-at-takathur-6080-1111.flac,salah-al-hashem,86
420,/content/data_mp3/abdel-aziz-al-ahmed-079-an-naziat-2622-2264.flac,abdel-aziz-al-ahmed,3
421,/content/data_mp3/mohamed-tablawi001-al-fatiha-2893-1530.flac,mohamed-tablawi,68
422,/content/data_mp3/saad-el-ghamidi109-al-kafiroon-198-3820.flac,saad-el-ghamidi,83
423,/content/data_mp3/abdul-rahman-al-sudais112-al-ikhlas-3241-165.flac,abdul-rahman-al-sudais,8
424,/content/data_mp3/ali-jaber108-al-kauther-2560-8598.flac,ali-jaber,34
425,/content/data_mp3/al-qari-yassen101-al-qaria-3402-3455.flac,al-qari-yassen,31
426,/content/data_mp3/abdul-wadud-haneef092-al-lail-2743-4271.flac,abdul-wadud-haneef,11
427,/content/data_mp3/abdallah-matroud100-al-adiyat-329-1150.flac,abdallah-matroud,2
428,/content/data_mp3/salah-al-hashem070-al-maarij-6048-3298.flac,salah-al-hashem,85
429,/content/data_mp3/mustapha-al-lahouni-068-al-qalam-4645-9436.flac,mustapha-al-lahouni,73
430,/content/data_mp3/abdullah-al-khayat-089-al-fajr-1774-4636.flac,abdullah-al-khayat,15
431,/content/data_mp3/mohamed-seddik-el-menchaoui001-al-fatiha-3308-825.flac,mohamed-seddik-el-menchaoui,66
432,/content/data_mp3/al-fath-mhmd-az-zbyr-080-abasa-210-8132.flac,al-fath-mhmd-az-zbyr,29
433,/content/data_mp3/salah-al-budair-094-ash-sharh-1247-8865.flac,salah-al-budair,84
434,/content/data_mp3/abdelbasset-abdessamad113-al-falaq-701-1214.flac,abdelbasset-abdessamad,5
435,/content/data_mp3/ayman-swed-084-al-inshiqaq-33049-2755.flac,ayman-swed,37
436,/content/data_mp3/mohamed-al-mohisni-098-al-bayyina-5800-5922.flac,mohamed-al-mohisni,59
437,/content/data_mp3/mohamed-aljabery-al-heyani-092-al-lail-8358-717.flac,mohamed-aljabery-al-heyani,60
438,/content/data_mp3/muhammad-jebril-097-al-qadr-5451-6900.flac,muhammad-jebril,71
439,/content/data_mp3/abdullah-al-khayat-092-al-lail-1777-8331.flac,abdullah-al-khayat,15
440,/content/data_mp3/laayoun-el-kouchi001-al-fatiha-1797-8682.flac,laayoun-el-kouchi,49
441,/content/data_mp3/hassan-saleh-093-ad-dhuha-9783-2549.flac,hassan-saleh,41
442,/content/data_mp3/abdul-rahman-al-sudais072-al-jinn-3197-6595.flac,abdul-rahman-al-sudais,7
443,/content/data_mp3/abdallah-kamel-001-al-fatiha-15884-1452.flac,abdallah-kamel,0
444,/content/data_mp3/ayman-swed-094-ash-sharh-33059-3300.flac,ayman-swed,37
445,/content/data_mp3/ad-dwkaly-mhmd-al-alm082-al-infitar-209-7846.flac,ad-dwkaly-mhmd-al-alm,21
446,/content/data_mp3/abdel-aziz-al-ahmed-085-al-burooj-2628-9104.flac,abdel-aziz-al-ahmed,3
447,/content/data_mp3/abdallah-kamel-084-al-inshiqaq-15933-4254.flac,abdallah-kamel,0
448,/content/data_mp3/le-saint-coran-traduit-en-francais001-al-fatiha-8948-3966.flac,le-saint-coran-traduit-en-francais,51
449,/content/data_mp3/ali-alhodaifi103-al-asr-1555-8192.flac,ali-alhodaifi,33
450,/content/data_mp3/mohamed-ayoub080-abasa-981-6325.flac,mohamed-ayoub,61
451,/content/data_mp3/tawfik-as-sayegh-092-al-lail-2960-5617.flac,tawfik-as-sayegh,90
452,/content/data_mp3/omar-al-kazabri086-at-tariq-1029-8711.flac,omar-al-kazabri,80
453,/content/data_mp3/abdullah-awad-al-juhani093-ad-dhuha-8553-8925.flac,abdullah-awad-al-juhani,16
454,/content/data_mp3/ad-dwkaly-mhmd-al-alm092-al-layl-209-4532.flac,ad-dwkaly-mhmd-al-alm,21
455,/content/data_mp3/nasser-al-qatami091-ash-shams-5511-6518.flac,nasser-al-qatami,78
456,/content/data_mp3/mohamed-el-barak104-al-humaza-5344-3927.flac,mohamed-el-barak,64
457,/content/data_mp3/abdullah-al-khayat-085-al-burooj-1770-3628.flac,abdullah-al-khayat,15
458,/content/data_mp3/nabil-ar-rifai105-al-fil-3595-5456.flac,nabil-ar-rifai,77
459,/content/data_mp3/le-saint-coran-traduit-en-francais075-al-qiyama-9022-4318.flac,le-saint-coran-traduit-en-francais,51
460,/content/data_mp3/khalifa-al-tunaiji-092-al-lail-6640-2927.flac,khalifa-al-tunaiji,48
461,/content/data_mp3/khaled-al-qahtani-090-al-balad-4235-8568.flac,khaled-al-qahtani,44
462,/content/data_mp3/ad-dwkaly-mhmd-al-alm001-al-fatiha-209-7246.flac,ad-dwkaly-mhmd-al-alm,21
463,/content/data_mp3/mohamed-el-kantaoui-084-al-inshiqaq-8235-1282.flac,mohamed-el-kantaoui,65
464,/content/data_mp3/abdelhamid-hssain-079-an-nazi-at-19716-292.flac,abdelhamid-hssain,6
465,/content/data_mp3/salah-bukhatir114-an-nas-2100-4821.flac,salah-bukhatir,88
466,/content/data_mp3/omar-al-kazabri001-al-fatiha-1087-4885.flac,omar-al-kazabri,80
467,/content/data_mp3/abdelhamid-hssain-098-al-bayyinah-19735-7755.flac,abdelhamid-hssain,6
468,/content/data_mp3/khalid-al-jalil105-al-fil-26312-5424.flac,khalid-al-jalil,47
469,/content/data_mp3/mohamed-el-barak090-al-balad-5330-1124.flac,mohamed-el-barak,63
470,/content/data_mp3/ahmed-saoud091-ash-shams-5059-27.flac,ahmed-saoud,27
471,/content/data_mp3/adel-al-kalbani062-al-jumua-4044-7196.flac,adel-al-kalbani,23
472,/content/data_mp3/abdallah-matroud097-al-qadr-326-576.flac,abdallah-matroud,1
473,/content/data_mp3/mustapha-gharbi061-as-saff-9122-3491.flac,mustapha-gharbi,74
474,/content/data_mp3/saad-el-ghamidi103-al-asr-192-2834.flac,saad-el-ghamidi,83
475,/content/data_mp3/abdul-wadud-haneef099-al-zalzala-2750-3688.flac,abdul-wadud-haneef,11
476,/content/data_mp3/al-qari-yassen109-al-kafiroon-3410-2614.flac,al-qari-yassen,31
477,/content/data_mp3/al-fath-mhmd-az-zbyr-091-ash-shams-210-1025.flac,al-fath-mhmd-az-zbyr,29
478,/content/data_mp3/omar-al-kazabri098-al-bayyina-1041-2990.flac,omar-al-kazabri,80
479,/content/data_mp3/hani-ar-rifai-073-al-muzzammil-7988-2333.flac,hani-ar-rifai,40
480,/content/data_mp3/mohamed-el-kantaoui-078-an-naba-8228-7372.flac,mohamed-el-kantaoui,65
481,/content/data_mp3/mohamed-el-kantaoui-082-al-infitar-8233-3794.flac,mohamed-el-kantaoui,65
482,/content/data_mp3/abdelhamid-hssain-078-an-naba-19715-2576.flac,abdelhamid-hssain,6
483,/content/data_mp3/abdullah-awad-al-juhani102-at-takathur-8562-9067.flac,abdullah-awad-al-juhani,17
484,/content/data_mp3/mahmud-ali-al-banna-091-ash-shams-2237-6025.flac,mahmud-ali-al-banna,56
485,/content/data_mp3/ahmed-al-ajmi083-al-mutaffifin-728-4485.flac,ahmed-al-ajmi,25
486,/content/data_mp3/muhammad-taha-al-junaid-094-ash-sharh-33123-5641.flac,muhammad-taha-al-junaid,72
487,/content/data_mp3/khalifa-al-tunaiji-091-ash-shams-6639-2909.flac,khalifa-al-tunaiji,48
488,/content/data_mp3/mohamed-aljabery-al-heyani-086-at-tariq-8351-1071.flac,mohamed-aljabery-al-heyani,60
489,/content/data_mp3/hani-ar-rifai-062-al-jumua-7977-4473.flac,hani-ar-rifai,40
490,/content/data_mp3/al-fath-mhmd-az-zbyr-083-al-moutaffifin-210-7522.flac,al-fath-mhmd-az-zbyr,29
491,/content/data_mp3/mustapha-gharbi077-al-mursalat-9138-6764.flac,mustapha-gharbi,74
492,/content/data_mp3/al-qari-yassen102-at-takathur-3403-4038.flac,al-qari-yassen,31
493,/content/data_mp3/ibrahim-al-akhdar-087-al-ala-1172-8285.flac,ibrahim-al-akhdar,42
494,/content/data_mp3/abdullah-al-khayat-090-al-balad-1775-2619.flac,abdullah-al-khayat,15
495,/content/data_mp3/mohamed-al-mohisni-066-at-tahrim-5769-3191.flac,mohamed-al-mohisni,59
496,/content/data_mp3/omar-al-kazabri095-at-tin-1038-3207.flac,omar-al-kazabri,80
497,/content/data_mp3/ali-alhodaifi112-al-ikhlas-1526-5923.flac,ali-alhodaifi,33
498,/content/data_mp3/salah-bukhatir107-al-maun-2093-2316.flac,salah-bukhatir,88
499,/content/data_mp3/al-fath-mhmd-az-zbyr-093-ad-dhuha-210-2422.flac,al-fath-mhmd-az-zbyr,29
500,/content/data_mp3/salah-bukhatir105-al-fil-2128-6862.flac,salah-bukhatir,88
501,/content/data_mp3/nasser-al-qatami081-at-takwir-5501-4806.flac,nasser-al-qatami,78
502,/content/data_mp3/ayman-swed-073-al-muzzammil-33038-4805.flac,ayman-swed,37
503,/content/data_mp3/mohamed-el-barak087-al-ala-5327-8580.flac,mohamed-el-barak,63
504,/content/data_mp3/salah-al-budair-080-abasa-1233-4372.flac,salah-al-budair,84
505,/content/data_mp3/yasser-al-dossari113-al-falaq-5030-1390.flac,yasser-al-dossari,92
506,/content/data_mp3/abdullah-ibn-ali-basfar-091-ash-shams-367-483.flac,abdullah-ibn-ali-basfar,18
507,/content/data_mp3/abdallah-kamel-081-at-takwir-15930-1803.flac,abdallah-kamel,0
508,/content/data_mp3/khalid-al-jalil112-al-ikhlas-26329-3442.flac,khalid-al-jalil,47
509,/content/data_mp3/khaled-al-qahtani-100-al-adiyat-4245-3397.flac,khaled-al-qahtani-,45
510,/content/data_mp3/mohamed-aljabery-al-heyani-080-abasa-8345-4550.flac,mohamed-aljabery-al-heyani,60
511,/content/data_mp3/tawfik-as-sayegh-078-an-naba-2996-5129.flac,tawfik-as-sayegh,90
512,/content/data_mp3/mohamed-tablawi079-an-naziat-2882-5331.flac,mohamed-tablawi,68
513,/content/data_mp3/saad-el-ghamidi113-al-falaq-202-7322.flac,saad-el-ghamidi,83
514,/content/data_mp3/mohamed-seddik-el-menchaoui109-al-kafiroon-512-6095.flac,mohamed-seddik-el-menchaoui,67
515,/content/data_mp3/hani-ar-rifai-082-al-infitar-7997-5881.flac,hani-ar-rifai,40
516,/content/data_mp3/abdul-wadud-haneef098-al-bayyina-2749-5198.flac,abdul-wadud-haneef,11
517,/content/data_mp3/ahmed-saoud105-al-fil-5073-3454.flac,ahmed-saoud,28
518,/content/data_mp3/mahmud-ali-al-banna-098-al-bayyina-2144-8951.flac,mahmud-ali-al-banna,56
519,/content/data_mp3/fares-abbad001-al-fatiha-1342-8741.flac,fares-abbad,38
520,/content/data_mp3/mohamed-tablawi092-al-lail-2833-6682.flac,mohamed-tablawi,68
521,/content/data_mp3/ibrahim-al-jibreen-082-al-infitar-5165-1795.flac,ibrahim-al-jibreen,43
522,/content/data_mp3/mohamed-ayoub001-al-fatiha-879-1250.flac,mohamed-ayoub,61
523,/content/data_mp3/ad-dwkaly-mhmd-al-alm080-abasa-209-2787.flac,ad-dwkaly-mhmd-al-alm,21
524,/content/data_mp3/abdul-rahman-al-sudais087-al-ala-3212-6895.flac,abdul-rahman-al-sudais,7
525,/content/data_mp3/mohamed-ayoub088-al-ghashiya-989-74.flac,mohamed-ayoub,61
526,/content/data_mp3/abdullah-ibn-ali-basfar-090-al-balad-366-6457.flac,abdullah-ibn-ali-basfar,18
527,/content/data_mp3/abdallah-matroud104-al-humaza-333-7249.flac,abdallah-matroud,2
528,/content/data_mp3/salah-al-budair-084-al-inshiqaq-1237-5145.flac,salah-al-budair,84
529,/content/data_mp3/hassan-saleh-088-al-ghashiya-9778-7885.flac,hassan-saleh,41
530,/content/data_mp3/ahmed-saoud106-quraish-5074-8739.flac,ahmed-saoud,28
531,/content/data_mp3/abdallah-matroud001-al-fatiha-229-7357.flac,abdallah-matroud,1
532,/content/data_mp3/abdul-rashid-ali-sufi101-al-qaria-2335-2166.flac,abdul-rashid-ali-sufi,10
533,/content/data_mp3/hani-ar-rifai-080-abasa-7995-1248.flac,hani-ar-rifai,40
534,/content/data_mp3/ahmed-al-ajmi100-al-adiyat-745-2608.flac,ahmed-al-ajmi,26
535,/content/data_mp3/khaled-al-qahtani-001-al-fatiha-4260-157.flac,khaled-al-qahtani,44
536,/content/data_mp3/abdallah-matroud098-al-bayyina-327-2411.flac,abdallah-matroud,1
537,/content/data_mp3/mohamed-aljabery-al-heyani-094-ash-sharh-8360-9745.flac,mohamed-aljabery-al-heyani,60
538,/content/data_mp3/abdullah-al-khayat-096-al-alaq-1781-2001.flac,abdullah-al-khayat,15
539,/content/data_mp3/khaled-al-qahtani-099-al-zalzala-4244-5100.flac,khaled-al-qahtani,44
540,/content/data_mp3/hani-ar-rifai-063-al-munafiqoon-7978-3022.flac,hani-ar-rifai,40
541,/content/data_mp3/mohamed-ayoub092-al-lail-957-6267.flac,mohamed-ayoub,61
542,/content/data_mp3/khalid-al-jalil110-an-nasr-26327-6036.flac,khalid-al-jalil,47
543,/content/data_mp3/al-fath-mhmd-az-zbyr-087-al-ala-210-1083.flac,al-fath-mhmd-az-zbyr,29
544,/content/data_mp3/khalifa-al-tunaiji-090-al-balad-6638-2329.flac,khalifa-al-tunaiji,48
545,/content/data_mp3/mohammed-al-lohaidan-088-al-ghashiya-8662-262.flac,mohammed-al-lohaidan,70
546,/content/data_mp3/fares-abbad088-al-ghashiya-1429-8319.flac,fares-abbad,38
547,/content/data_mp3/mahmud-ali-al-banna-096-al-alaq-2242-4270.flac,mahmud-ali-al-banna,56
548,/content/data_mp3/mohamed-ayoub081-at-takwir-982-8250.flac,mohamed-ayoub,61
549,/content/data_mp3/ayman-swed-078-an-naba-33043-9281.flac,ayman-swed,37
550,/content/data_mp3/ayman-swed-081-at-takwir-33046-2430.flac,ayman-swed,37
551,/content/data_mp3/mohamed-ayoub086-at-tariq-987-6698.flac,mohamed-ayoub,61
552,/content/data_mp3/al-fath-mhmd-az-zbyr-001-al-fatiha-210-8727.flac,al-fath-mhmd-az-zbyr,29
553,/content/data_mp3/mohamed-tablawi061-as-saff-2819-4428.flac,mohamed-tablawi,68
554,/content/data_mp3/abdul-rahman-al-sudais090-al-balad-3215-9257.flac,abdul-rahman-al-sudais,7
555,/content/data_mp3/maher-al-mueaqly-001-al-fatiha-3083-1938.flac,maher-al-mueaqly,53
556,/content/data_mp3/abdelhamid-hssain-093-ad-dhuha-19730-7512.flac,abdelhamid-hssain,6
557,/content/data_mp3/mohamed-el-kantaoui-080-abasa-8231-3484.flac,mohamed-el-kantaoui,65
558,/content/data_mp3/ayman-swed-083-al-moutaffifin-33048-7021.flac,ayman-swed,37
559,/content/data_mp3/salah-al-budair-079-an-naziat-1232-7913.flac,salah-al-budair,84
560,/content/data_mp3/nasser-al-qatami099-al-zalzala-5519-4327.flac,nasser-al-qatami,78
561,/content/data_mp3/abdul-wali-al-arkani098-al-bayyinah-113411-9865.flac,abdul-wali-al-arkani,13
562,/content/data_mp3/alzain-mohamed-ahmed001-al-fatiha-6891-5753.flac,alzain-mohamed-ahmed,35
563,/content/data_mp3/ad-dwkaly-mhmd-al-alm091-ash-shams-209-6510.flac,ad-dwkaly-mhmd-al-alm,21
564,/content/data_mp3/muhammad-jebril-093-ad-dhuha-5447-4584.flac,muhammad-jebril,71
565,/content/data_mp3/nasser-al-qatami082-al-infitar-5502-9864.flac,nasser-al-qatami,78
566,/content/data_mp3/khalifa-al-tunaiji-095-at-tin-6643-6122.flac,khalifa-al-tunaiji,48
567,/content/data_mp3/abu-bakr-al-shatri105-al-fil-3727-3195.flac,abu-bakr-al-shatri,20
568,/content/data_mp3/abdallah-kamel-083-al-moutaffifin-15932-5184.flac,abdallah-kamel,0
569,/content/data_mp3/abdallah-kamel-082-al-infitar-15931-4213.flac,abdallah-kamel,0
570,/content/data_mp3/ibrahim-al-jibreen-093-ad-dhuha-5176-4912.flac,ibrahim-al-jibreen,43
571,/content/data_mp3/al-qari-yassen001-al-fatiha-3446-5025.flac,al-qari-yassen,30
572,/content/data_mp3/ali-alhodaifi106-quraish-1520-9182.flac,ali-alhodaifi,33
573,/content/data_mp3/muhammad-jebril-085-al-burooj-5439-9849.flac,muhammad-jebril,71
574,/content/data_mp3/ali-alhodaifi113-al-falaq-1527-1229.flac,ali-alhodaifi,33
575,/content/data_mp3/nabil-ar-rifai102-at-takathur-3592-7097.flac,nabil-ar-rifai,77
576,/content/data_mp3/mohammed-al-lohaidan-077-al-mursalat-8651-4436.flac,mohammed-al-lohaidan,70
577,/content/data_mp3/ahmed-saoud093-ad-dhuha-5061-982.flac,ahmed-saoud,27
578,/content/data_mp3/ibrahim-al-jibreen-088-al-ghashiya-5171-314.flac,ibrahim-al-jibreen,43
579,/content/data_mp3/mohamed-el-barak088-al-ghashiya-5328-9546.flac,mohamed-el-barak,63
580,/content/data_mp3/nabil-ar-rifai101-al-qaria-3591-4954.flac,nabil-ar-rifai,77
581,/content/data_mp3/abdul-wadud-haneef091-ash-shams-2742-4474.flac,abdul-wadud-haneef,11
582,/content/data_mp3/maher-al-mueaqly-091-ash-shams-3161-3388.flac,maher-al-mueaqly,53
583,/content/data_mp3/mahmoud-khalil-al-hussary107-al-maun-2460-7540.flac,mahmoud-khalil-al-hussary,55
584,/content/data_mp3/mohamed-el-barak114-an-nas-5354-9771.flac,mohamed-el-barak,64
585,/content/data_mp3/ibrahim-al-jibreen-090-al-balad-5173-4374.flac,ibrahim-al-jibreen,43
586,/content/data_mp3/khaled-al-qahtani-096-al-alaq-4241-8689.flac,khaled-al-qahtani,44
587,/content/data_mp3/hassan-saleh-086-at-tariq-9776-4242.flac,hassan-saleh,41
588,/content/data_mp3/ibrahim-al-akhdar-092-al-lail-1177-7978.flac,ibrahim-al-akhdar,42
589,/content/data_mp3/saoud-shuraim-066-at-tahrim-605-2366.flac,saoud-shuraim,89
590,/content/data_mp3/abdallah-kamel-087-al-ala-15936-9179.flac,abdallah-kamel,0
591,/content/data_mp3/abdullah-ibn-ali-basfar-084-al-inshiqaq-360-7913.flac,abdullah-ibn-ali-basfar,18
592,/content/data_mp3/ali-jaber105-al-fil-2557-7461.flac,ali-jaber,34
593,/content/data_mp3/yasser-al-dossari108-al-kauther-5025-3510.flac,yasser-al-dossari,92
594,/content/data_mp3/abdul-wali-al-arkani088-al-ghashiya-113417-720.flac,abdul-wali-al-arkani,13
595,/content/data_mp3/nasser-al-qatami085-al-burooj-5505-1406.flac,nasser-al-qatami,78
596,/content/data_mp3/khalifa-al-tunaiji-094-ash-sharh-6642-8497.flac,khalifa-al-tunaiji,48
597,/content/data_mp3/abdul-wali-al-arkani100-al-adiyat-113409-8256.flac,abdul-wali-al-arkani,14
598,/content/data_mp3/mishary-rashid-alafasy001-al-fatiha-30-7477.flac,mishary-rashid-alafasy,57
599,/content/data_mp3/salah-al-hashem099-al-zalzala-6077-464.flac,salah-al-hashem,85
600,/content/data_mp3/hassan-saleh-091-ash-shams-9781-1786.flac,hassan-saleh,41
601,/content/data_mp3/le-saint-coran-traduit-en-francais088-al-ghashiya-9035-6422.flac,le-saint-coran-traduit-en-francais,51
602,/content/data_mp3/abdullah-al-khayat-094-ash-sharh-1779-6002.flac,abdullah-al-khayat,15
603,/content/data_mp3/adel-al-kalbani101-al-qaria-4025-2993.flac,adel-al-kalbani,24
604,/content/data_mp3/hassan-saleh-080-abasa-9770-5304.flac,hassan-saleh,41
605,/content/data_mp3/ahmed-al-ajmi101-al-qaria-746-346.flac,ahmed-al-ajmi,26
606,/content/data_mp3/mustapha-gharbi001-al-fatiha-9062-4773.flac,mustapha-gharbi,74
607,/content/data_mp3/hassan-saleh-082-al-infitar-9772-7310.flac,hassan-saleh,41
608,/content/data_mp3/abdel-aziz-al-ahmed-001-al-fatiha-2584-1352.flac,abdel-aziz-al-ahmed,3
609,/content/data_mp3/mustapha-gharbi107-al-maun-9168-3005.flac,mustapha-gharbi,75
610,/content/data_mp3/abdullah-awad-al-juhani097-al-qadr-8557-8574.flac,abdullah-awad-al-juhani,16
611,/content/data_mp3/abdul-wadud-haneef109-al-kafiroon-2760-6019.flac,abdul-wadud-haneef,12
612,/content/data_mp3/khaled-al-qahtani-091-ash-shams-4236-8316.flac,khaled-al-qahtani,44
613,/content/data_mp3/abdul-wali-al-arkani089-al-fajr-113416-5279.flac,abdul-wali-al-arkani,13
614,/content/data_mp3/muhammad-taha-al-junaid-092-al-layl-33121-5244.flac,muhammad-taha-al-junaid,72
615,/content/data_mp3/mahmud-ali-al-banna-089-al-fajr-2235-6884.flac,mahmud-ali-al-banna,56
616,/content/data_mp3/ali-alhodaifi110-an-nasr-1524-4119.flac,ali-alhodaifi,33
617,/content/data_mp3/nasser-al-qatami087-al-ala-5507-7436.flac,nasser-al-qatami,78
618,/content/data_mp3/abdallah-kamel-085-al-bourouj-15934-8367.flac,abdallah-kamel,0
619,/content/data_mp3/yasser-al-dossari114-an-nas-5031-7924.flac,yasser-al-dossari,92
620,/content/data_mp3/khaled-al-qahtani-097-al-qadr-4242-7994.flac,khaled-al-qahtani,44
621,/content/data_mp3/mahmoud-khalil-al-hussary104-al-humaza-2457-7739.flac,mahmoud-khalil-al-hussary,55
622,/content/data_mp3/ad-dwkaly-mhmd-al-alm098-al-bayyinah-209-8088.flac,ad-dwkaly-mhmd-al-alm,21
623,/content/data_mp3/saad-el-ghamidi093-ad-dhuha-182-4815.flac,saad-el-ghamidi,82
624,/content/data_mp3/mohamed-ayoub104-al-humaza-969-4011.flac,mohamed-ayoub,62
625,/content/data_mp3/abdullah-awad-al-juhani104-al-humaza-8564-7727.flac,abdullah-awad-al-juhani,17
626,/content/data_mp3/salah-al-budair-092-al-lail-1245-7540.flac,salah-al-budair,84
627,/content/data_mp3/abdul-wali-al-arkani101-al-qariah-113408-7828.flac,abdul-wali-al-arkani,14
628,/content/data_mp3/mishary-rashid-alafasy100-al-adiyat-15-8673.flac,mishary-rashid-alafasy,58
629,/content/data_mp3/mohamed-el-kantaoui-001-al-fatiha-8139-3245.flac,mohamed-el-kantaoui,65
630,/content/data_mp3/al-fath-mhmd-az-zbyr-077-al-moursalat-210-9194.flac,al-fath-mhmd-az-zbyr,29
631,/content/data_mp3/mohamed-el-barak106-quraish-5346-6875.flac,mohamed-el-barak,64
632,/content/data_mp3/abdallah-kamel-078-an-naba-15927-2034.flac,abdallah-kamel,0
633,/content/data_mp3/abdallah-matroud102-at-takathur-331-3540.flac,abdallah-matroud,2
634,/content/data_mp3/mohammed-al-lohaidan-087-al-ala-8661-9129.flac,mohammed-al-lohaidan,70
635,/content/data_mp3/mishary-rashid-alafasy113-al-falaq-28-7803.flac,mishary-rashid-alafasy,58
636,/content/data_mp3/abdelhamid-hssain-092-al-layl-19729-7414.flac,abdelhamid-hssain,6
637,/content/data_mp3/hassan-saleh-089-al-fajr-9779-1757.flac,hassan-saleh,41
638,/content/data_mp3/tawfik-as-sayegh-104-al-humaza-2972-5364.flac,tawfik-as-sayegh,91
639,/content/data_mp3/ayman-swed-082-al-infitar-33047-928.flac,ayman-swed,37
640,/content/data_mp3/fares-abbad092-al-lail-1433-3672.flac,fares-abbad,38
641,/content/data_mp3/khalifa-al-tunaiji-086-at-tariq-6634-9504.flac,khalifa-al-tunaiji,48
642,/content/data_mp3/abdallah-kamel-086-at-tariq-15935-7223.flac,abdallah-kamel,0
643,/content/data_mp3/saoud-shuraim-075-al-qiyama-583-8249.flac,saoud-shuraim,89
644,/content/data_mp3/abdallah-matroud099-al-zalzala-328-6677.flac,abdallah-matroud,1
645,/content/data_mp3/mohamed-aljabery-al-heyani-093-ad-dhuha-8359-3700.flac,mohamed-aljabery-al-heyani,60
646,/content/data_mp3/mohamed-ayoub099-al-zalzala-964-9117.flac,mohamed-ayoub,61
647,/content/data_mp3/abdul-rahman-al-sudais076-al-insan-3201-84.flac,abdul-rahman-al-sudais,7
648,/content/data_mp3/abdul-wali-al-arkani086-at-tariq-113419-1229.flac,abdul-wali-al-arkani,13
649,/content/data_mp3/khalifa-al-tunaiji-084-al-inshiqaq-6632-4462.flac,khalifa-al-tunaiji,48
650,/content/data_mp3/abdullah-awad-al-juhani094-ash-sharh-8554-6516.flac,abdullah-awad-al-juhani,16
651,/content/data_mp3/mustapha-gharbi100-al-adiyat-9161-3551.flac,mustapha-gharbi,75
652,/content/data_mp3/al-qari-yassen105-al-fil-3406-7956.flac,al-qari-yassen,31
653,/content/data_mp3/ali-alhodaifi111-al-masadd-1525-1782.flac,ali-alhodaifi,33
654,/content/data_mp3/mohamed-el-barak093-ad-dhuha-5333-8252.flac,mohamed-el-barak,63
655,/content/data_mp3/ayman-swed-086-at-tariq-33051-3631.flac,ayman-swed,37
656,/content/data_mp3/mohamed-aljabery-al-heyani-089-al-fajr-8354-307.flac,mohamed-aljabery-al-heyani,60
657,/content/data_mp3/abdelhamid-hssain-084-al-inshiqaq-19721-2189.flac,abdelhamid-hssain,6
658,/content/data_mp3/mohamed-tablawi096-al-alaq-2837-2167.flac,mohamed-tablawi,68
659,/content/data_mp3/salah-al-budair-081-at-takwir-1234-2147.flac,salah-al-budair,84
660,/content/data_mp3/hani-ar-rifai-079-an-naziat-7994-8214.flac,hani-ar-rifai,40
661,/content/data_mp3/mohamed-ayoub095-at-tin-960-5851.flac,mohamed-ayoub,61
662,/content/data_mp3/salah-al-hashem101-al-qaria-6079-9315.flac,salah-al-hashem,86
663,/content/data_mp3/abdullah-awad-al-juhani001-al-fatiha-8461-1191.flac,abdullah-awad-al-juhani,16
664,/content/data_mp3/salah-bukhatir113-al-falaq-2099-4150.flac,salah-bukhatir,88
665,/content/data_mp3/abdul-wali-al-arkani109-al-kafiroune-113404-1447.flac,abdul-wali-al-arkani,14
666,/content/data_mp3/salah-al-budair-089-al-fajr-1242-3190.flac,salah-al-budair,84
667,/content/data_mp3/muhammad-taha-al-junaid-096-al-alaq-33125-2172.flac,muhammad-taha-al-junaid,72
668,/content/data_mp3/muhammad-jebril-086-at-tariq-5440-9782.flac,muhammad-jebril,71
669,/content/data_mp3/saoud-shuraim-085-al-burooj-537-5172.flac,saoud-shuraim,89
670,/content/data_mp3/ali-jaber107-al-maun-2559-8902.flac,ali-jaber,34
671,/content/data_mp3/muhammad-jebril-091-ash-shams-5445-708.flac,muhammad-jebril,71
672,/content/data_mp3/fares-abbad093-ad-dhuha-1434-6818.flac,fares-abbad,38
673,/content/data_mp3/mustapha-al-lahouni-075-al-qiyama-4652-1524.flac,mustapha-al-lahouni,73
674,/content/data_mp3/nabil-ar-rifai108-al-kauther-3598-2693.flac,nabil-ar-rifai,77
675,/content/data_mp3/saad-el-ghamidi100-al-adiyat-189-8206.flac,saad-el-ghamidi,83
676,/content/data_mp3/maher-al-mueaqly-094-ash-sharh-3164-2580.flac,maher-al-mueaqly,53
677,/content/data_mp3/mohamed-tablawi082-al-infitar-2823-5024.flac,mohamed-tablawi,68
678,/content/data_mp3/ahmed-al-ajmi111-al-masadd-756-8503.flac,ahmed-al-ajmi,26
679,/content/data_mp3/mohamed-el-barak086-at-tariq-5326-5700.flac,mohamed-el-barak,63
680,/content/data_mp3/nabil-ar-rifai106-quraish-3596-6700.flac,nabil-ar-rifai,77
681,/content/data_mp3/abdullah-al-khayat-001-al-fatiha-1671-1234.flac,abdullah-al-khayat,15
682,/content/data_mp3/le-saint-coran-traduit-en-francais071-nooh-9018-8685.flac,le-saint-coran-traduit-en-francais,51
683,/content/data_mp3/yasser-al-dossari106-quraish-5023-9469.flac,yasser-al-dossari,92
684,/content/data_mp3/maher-al-mueaqly-099-al-zalzala-3126-4257.flac,maher-al-mueaqly,53
685,/content/data_mp3/mahmud-ali-al-banna-086-at-tariq-2232-8933.flac,mahmud-ali-al-banna,56
686,/content/data_mp3/abdul-rashid-ali-sufi108-al-kauther-2342-5960.flac,abdul-rashid-ali-sufi,10
687,/content/data_mp3/adel-al-kalbani103-al-asr-4027-815.flac,adel-al-kalbani,24
688,/content/data_mp3/mustapha-gharbi104-al-humaza-9165-7013.flac,mustapha-gharbi,75
689,/content/data_mp3/nabil-ar-rifai104-al-humaza-3594-3860.flac,nabil-ar-rifai,77
690,/content/data_mp3/ali-jaber113-al-falaq-2565-9334.flac,ali-jaber,34
691,/content/data_mp3/abdullah-ibn-ali-basfar-087-al-ala-363-7731.flac,abdullah-ibn-ali-basfar,18
692,/content/data_mp3/mishary-rashid-alafasy102-at-takathur-17-6008.flac,mishary-rashid-alafasy,58
693,/content/data_mp3/ibrahim-al-jibreen-079-an-naziat-5162-5256.flac,ibrahim-al-jibreen,43
694,/content/data_mp3/omar-al-kazabri108-al-kauther-991-9274.flac,omar-al-kazabri,81
695,/content/data_mp3/mohamed-ayoub089-al-fajr-954-7241.flac,mohamed-ayoub,61
696,/content/data_mp3/ahmed-saoud101-al-qaria-5069-6881.flac,ahmed-saoud,28
697,/content/data_mp3/mohamed-el-kantaoui-079-an-naziat-8229-835.flac,mohamed-el-kantaoui,65
698,/content/data_mp3/abdul-wali-al-arkani097-al-qadr-113412-9422.flac,abdul-wali-al-arkani,13
699,/content/data_mp3/mahmud-ali-al-banna-099-al-zalzala-2145-2186.flac,mahmud-ali-al-banna,56
700,/content/data_mp3/ali-alhodaifi001-al-fatiha-1452-6563.flac,ali-alhodaifi,32
701,/content/data_mp3/mohamed-el-kantaoui-083-al-mutaffifin-8234-70.flac,mohamed-el-kantaoui,65
702,/content/data_mp3/mohamed-ayoub098-al-bayyina-963-4465.flac,mohamed-ayoub,61
703,/content/data_mp3/ibrahim-al-akhdar-089-al-fajr-1174-8897.flac,ibrahim-al-akhdar,42
704,/content/data_mp3/nasser-al-qatami101-al-qaria-5521-3559.flac,nasser-al-qatami,79
705,/content/data_mp3/salah-al-hashem100-al-adiyat-6078-6330.flac,salah-al-hashem,86
706,/content/data_mp3/alzain-mohamed-ahmed092-al-lail-6982-2826.flac,alzain-mohamed-ahmed,35
707,/content/data_mp3/abdelhamid-hssain-086-at-tariq-19723-5557.flac,abdelhamid-hssain,6
708,/content/data_mp3/salah-al-hashem073-al-muzzammil-6051-394.flac,salah-al-hashem,85
709,/content/data_mp3/alzain-mohamed-ahmed100-al-adiyat-6990-9527.flac,alzain-mohamed-ahmed,36
710,/content/data_mp3/nabil-ar-rifai109-al-kafiroon-3599-2044.flac,nabil-ar-rifai,77
711,/content/data_mp3/mohammed-al-lohaidan-075-al-qiyama-8649-4806.flac,mohammed-al-lohaidan,70
712,/content/data_mp3/abdelhamid-hssain-091-ash-shams-19728-9746.flac,abdelhamid-hssain,6
713,/content/data_mp3/abdelhamid-hssain-096-al-alaq-19733-9508.flac,abdelhamid-hssain,6
714,/content/data_mp3/nasser-al-qatami096-al-alaq-5516-76.flac,nasser-al-qatami,78
715,/content/data_mp3/ahmed-saoud094-ash-sharh-5062-3610.flac,ahmed-saoud,27
716,/content/data_mp3/tawfik-as-sayegh-100-al-adiyat-2968-505.flac,tawfik-as-sayegh,91
717,/content/data_mp3/ibrahim-al-akhdar-090-al-balad-1175-3344.flac,ibrahim-al-akhdar,42
718,/content/data_mp3/abdelhamid-hssain-087-al-ala-19724-6816.flac,abdelhamid-hssain,6
719,/content/data_mp3/nabil-ar-rifai112-al-ikhlas-3602-5027.flac,nabil-ar-rifai,77
720,/content/data_mp3/mohamed-al-mohisni-089-al-fajr-5791-8012.flac,mohamed-al-mohisni,59
721,/content/data_mp3/abdullah-al-khayat-086-at-tariq-1771-7131.flac,abdullah-al-khayat,15
722,/content/data_mp3/abdelbasset-abdessamad109-al-kafiroon-698-513.flac,abdelbasset-abdessamad,5
723,/content/data_mp3/mohamed-el-kantaoui-064-at-taghabun-8213-3944.flac,mohamed-el-kantaoui,65
724,/content/data_mp3/ali-jaber104-al-humaza-2556-788.flac,ali-jaber,34
725,/content/data_mp3/tawfik-as-sayegh-098-al-bayyina-2966-6663.flac,tawfik-as-sayegh,90
726,/content/data_mp3/abdel-aziz-al-ahmed-081-at-takwir-2624-8836.flac,abdel-aziz-al-ahmed,3
727,/content/data_mp3/hani-ar-rifai-078-an-naba-7993-6375.flac,hani-ar-rifai,40
728,/content/data_mp3/ad-dwkaly-mhmd-al-alm083-al-moutaffifin-209-4693.flac,ad-dwkaly-mhmd-al-alm,21
729,/content/data_mp3/laayoun-el-kouchi112-al-ikhlas-1867-5373.flac,laayoun-el-kouchi,50
730,/content/data_mp3/mohamed-el-barak091-ash-shams-5331-4222.flac,mohamed-el-barak,63
731,/content/data_mp3/saoud-shuraim-001-al-fatiha-541-4075.flac,saoud-shuraim,89
732,/content/data_mp3/mahmoud-khalil-al-hussary110-an-nasr-2463-8440.flac,mahmoud-khalil-al-hussary,55
733,/content/data_mp3/mohamed-el-kantaoui-070-al-maarij-8220-551.flac,mohamed-el-kantaoui,65
734,/content/data_mp3/adel-al-kalbani089-al-fajr-4013-4471.flac,adel-al-kalbani,23
735,/content/data_mp3/mahmoud-khalil-al-hussary112-al-ikhlas-2465-6138.flac,mahmoud-khalil-al-hussary,55
736,/content/data_mp3/abdul-wali-al-arkani104-al-humaza-113406-3338.flac,abdul-wali-al-arkani,14
737,/content/data_mp3/ibrahim-al-jibreen-085-al-burooj-5168-4327.flac,ibrahim-al-jibreen,43
738,/content/data_mp3/maher-al-mueaqly-071-nooh-3111-8683.flac,maher-al-mueaqly,53
739,/content/data_mp3/mohamed-aljabery-al-heyani-087-al-ala-8352-2097.flac,mohamed-aljabery-al-heyani,60
740,/content/data_mp3/saad-el-ghamidi052-at-tur-141-6276.flac,saad-el-ghamidi,82
741,/content/data_mp3/mustapha-al-lahouni-070-al-maarij-4647-9096.flac,mustapha-al-lahouni,73
742,/content/data_mp3/hani-ar-rifai-001-al-fatiha-7916-7346.flac,hani-ar-rifai,40
743,/content/data_mp3/laayoun-el-kouchi109-al-kafiroon-1864-7574.flac,laayoun-el-kouchi,50
744,/content/data_mp3/abdul-wadud-haneef097-al-qadr-2748-3348.flac,abdul-wadud-haneef,11
745,/content/data_mp3/nabil-ar-rifai098-al-bayyina-3588-1396.flac,nabil-ar-rifai,76
746,/content/data_mp3/abdelbasset-abdessamad101-al-qaria-690-9094.flac,abdelbasset-abdessamad,5
747,/content/data_mp3/adel-al-kalbani106-quraish-4030-2524.flac,adel-al-kalbani,24
748,/content/data_mp3/abdul-wali-al-arkani080-abasa-113424-9626.flac,abdul-wali-al-arkani,13
749,/content/data_mp3/mohamed-seddik-el-menchaoui110-an-nasr-513-5896.flac,mohamed-seddik-el-menchaoui,67
750,/content/data_mp3/abu-bakr-al-shatri102-at-takathur-3724-410.flac,abu-bakr-al-shatri,20
751,/content/data_mp3/mohamed-aljabery-al-heyani-081-at-takwir-8346-4172.flac,mohamed-aljabery-al-heyani,60
752,/content/data_mp3/salah-al-budair-086-at-tariq-1239-4512.flac,salah-al-budair,84
753,/content/data_mp3/saoud-shuraim-092-al-lail-564-1836.flac,saoud-shuraim,89
754,/content/data_mp3/abdul-rashid-ali-sufi099-al-zalzala-2333-3250.flac,abdul-rashid-ali-sufi,9
755,/content/data_mp3/le-saint-coran-traduit-en-francais061-as-saff-9008-9705.flac,le-saint-coran-traduit-en-francais,51
756,/content/data_mp3/muhammad-taha-al-junaid-090-al-balad-33119-1927.flac,muhammad-taha-al-junaid,72
757,/content/data_mp3/omar-al-kazabri090-al-balad-1033-8436.flac,omar-al-kazabri,80
758,/content/data_mp3/al-fath-mhmd-az-zbyr-089-al-fajr-210-9098.flac,al-fath-mhmd-az-zbyr,29
759,/content/data_mp3/abdallah-kamel-080-abasa-15929-9450.flac,abdallah-kamel,0
760,/content/data_mp3/ahmed-saoud107-al-maun-5075-1344.flac,ahmed-saoud,28
761,/content/data_mp3/omar-al-kazabri100-al-adiyat-1043-4673.flac,omar-al-kazabri,81
762,/content/data_mp3/ahmed-saoud114-an-nas-5082-4508.flac,ahmed-saoud,28
763,/content/data_mp3/ahmed-al-ajmi113-al-falaq-758-1230.flac,ahmed-al-ajmi,26
764,/content/data_mp3/abdelbasset-abdessamad095-at-tin-684-9343.flac,abdelbasset-abdessamad,4
765,/content/data_mp3/abdelhamid-hssain-081-at-takwir-19718-4512.flac,abdelhamid-hssain,6
766,/content/data_mp3/muhammad-jebril-088-al-ghashiya-5442-4042.flac,muhammad-jebril,71
767,/content/data_mp3/saad-el-ghamidi087-al-ala-176-1645.flac,saad-el-ghamidi,82
768,/content/data_mp3/mishary-rashid-alafasy101-al-qaria-16-9119.flac,mishary-rashid-alafasy,58
769,/content/data_mp3/yasser-al-dossari102-at-takathur-5019-4812.flac,yasser-al-dossari,92
770,/content/data_mp3/mohamed-tablawi075-al-qiyama-2878-1614.flac,mohamed-tablawi,68
771,/content/data_mp3/adel-al-kalbani114-an-nas-4038-1601.flac,adel-al-kalbani,24
772,/content/data_mp3/abdallah-kamel-088-al-ghashiya-15937-1532.flac,abdallah-kamel,0
773,/content/data_mp3/adel-al-kalbani102-at-takathur-4026-530.flac,adel-al-kalbani,24
774,/content/data_mp3/muhammad-taha-al-junaid-001-al-fatiha-33109-9431.flac,muhammad-taha-al-junaid,72
775,/content/data_mp3/ad-dwkaly-mhmd-al-alm085-al-bourouj-209-5320.flac,ad-dwkaly-mhmd-al-alm,21
776,/content/data_mp3/ahmed-al-ajmi102-at-takathur-747-6953.flac,ahmed-al-ajmi,26
777,/content/data_mp3/laayoun-el-kouchi111-al-masadd-1866-8393.flac,laayoun-el-kouchi,50
778,/content/data_mp3/abdelbasset-abdessamad100-al-adiyat-689-6834.flac,abdelbasset-abdessamad,5
779,/content/data_mp3/khalifa-al-tunaiji-001-al-fatiha-6549-6917.flac,khalifa-al-tunaiji,48
780,/content/data_mp3/nasser-al-qatami086-at-tariq-5506-2214.flac,nasser-al-qatami,78
781,/content/data_mp3/ahmed-al-ajmi086-at-tariq-731-4412.flac,ahmed-al-ajmi,25
782,/content/data_mp3/mustapha-gharbi099-al-zalzala-9160-7645.flac,mustapha-gharbi,74
783,/content/data_mp3/salah-bukhatir103-al-asr-2126-8616.flac,salah-bukhatir,88
784,/content/data_mp3/omar-al-kazabri082-al-infitar-1025-2620.flac,omar-al-kazabri,80
785,/content/data_mp3/laayoun-el-kouchi113-al-falaq-1868-3699.flac,laayoun-el-kouchi,50
786,/content/data_mp3/ahmed-saoud097-al-qadr-5065-2376.flac,ahmed-saoud,27
787,/content/data_mp3/ibrahim-al-akhdar-082-al-infitar-1167-4440.flac,ibrahim-al-akhdar,42
788,/content/data_mp3/hassan-saleh-084-al-inshiqaq-9774-5314.flac,hassan-saleh,41
789,/content/data_mp3/mohamed-el-barak105-al-fil-5345-4955.flac,mohamed-el-barak,64
790,/content/data_mp3/hassan-saleh-090-al-balad-9780-3701.flac,hassan-saleh,41
791,/content/data_mp3/muhammad-jebril-001-al-fatiha-5355-8827.flac,muhammad-jebril,71
792,/content/data_mp3/mohamed-tablawi073-al-muzzammil-2876-7812.flac,mohamed-tablawi,68
793,/content/data_mp3/nasser-al-qatami093-ad-dhuha-5513-7243.flac,nasser-al-qatami,78
794,/content/data_mp3/mishary-rashid-alafasy088-al-ghashiya-3-4382.flac,mishary-rashid-alafasy,57
795,/content/data_mp3/mohamed-al-mohisni-001-al-fatiha-5737-3163.flac,mohamed-al-mohisni,59
796,/content/data_mp3/abdel-aziz-al-ahmed-073-al-muzzammil-2616-7905.flac,abdel-aziz-al-ahmed,3
797,/content/data_mp3/ahmed-saoud092-al-lail-5060-1002.flac,ahmed-saoud,27
798,/content/data_mp3/abdallah-matroud101-al-qaria-330-8773.flac,abdallah-matroud,2
799,/content/data_mp3/mahmoud-khalil-al-hussary113-al-falaq-2466-4266.flac,mahmoud-khalil-al-hussary,55
800,/content/data_mp3/adel-al-kalbani107-al-maun-4031-8275.flac,adel-al-kalbani,24
801,/content/data_mp3/alzain-mohamed-ahmed094-ash-sharh-6984-5920.flac,alzain-mohamed-ahmed,35
802,/content/data_mp3/abdullah-awad-al-juhani096-al-alaq-8556-9326.flac,abdullah-awad-al-juhani,16
803,/content/data_mp3/mohamed-al-mohisni-065-at-talaq-5768-2560.flac,mohamed-al-mohisni,59
804,/content/data_mp3/tawfik-as-sayegh-111-al-masadd-2979-9886.flac,tawfik-as-sayegh,91
805,/content/data_mp3/khaled-al-qahtani-095-at-tin-4240-713.flac,khaled-al-qahtani,44
806,/content/data_mp3/le-saint-coran-traduit-en-francais098-al-bayyina-9045-9356.flac,le-saint-coran-traduit-en-francais,51
807,/content/data_mp3/mohamed-seddik-el-menchaoui087-al-ala-490-1042.flac,mohamed-seddik-el-menchaoui,66
808,/content/data_mp3/fares-abbad082-al-infitar-1423-2850.flac,fares-abbad,38
809,/content/data_mp3/mohamed-ayoub087-al-ala-988-3889.flac,mohamed-ayoub,61
810,/content/data_mp3/ibrahim-al-jibreen-086-at-tariq-5169-2159.flac,ibrahim-al-jibreen,43
811,/content/data_mp3/saoud-shuraim-093-ad-dhuha-635-6811.flac,saoud-shuraim,89
812,/content/data_mp3/abdelhamid-hssain-090-al-balad-19727-3784.flac,abdelhamid-hssain,6
813,/content/data_mp3/mohamed-al-mohisni-064-at-taghabun-5767-2423.flac,mohamed-al-mohisni,59
814,/content/data_mp3/mohamed-seddik-el-menchaoui089-al-fajr-492-6974.flac,mohamed-seddik-el-menchaoui,66
815,/content/data_mp3/muhammad-jebril-090-al-balad-5444-1291.flac,muhammad-jebril,71
816,/content/data_mp3/mohamed-ayoub082-al-infitar-983-7400.flac,mohamed-ayoub,61
817,/content/data_mp3/mustapha-gharbi075-al-qiyama-9136-4592.flac,mustapha-gharbi,74
818,/content/data_mp3/abdul-wali-al-arkani082-al-infitar-113422-2185.flac,abdul-wali-al-arkani,13
819,/content/data_mp3/mohamed-el-kantaoui-075-al-qiyama-8225-1434.flac,mohamed-el-kantaoui,65
820,/content/data_mp3/alzain-mohamed-ahmed093-ad-dhuha-6983-9065.flac,alzain-mohamed-ahmed,35
821,/content/data_mp3/nasser-al-qatami062-al-jumua-5492-2642.flac,nasser-al-qatami,78
822,/content/data_mp3/abdul-wadud-haneef001-al-fatiha-2697-6487.flac,abdul-wadud-haneef,11
823,/content/data_mp3/abdullah-awad-al-juhani098-al-bayyina-8558-4938.flac,abdullah-awad-al-juhani,16
824,/content/data_mp3/salah-bukhatir108-al-kauther-2094-9057.flac,salah-bukhatir,88
825,/content/data_mp3/al-qari-yassen107-al-maun-3408-8492.flac,al-qari-yassen,31
826,/content/data_mp3/khalid-al-jalil001-al-fatiha-26326-4949.flac,khalid-al-jalil,46
827,/content/data_mp3/mohamed-tablawi098-al-bayyina-2839-2303.flac,mohamed-tablawi,68
828,/content/data_mp3/abdul-rahman-al-sudais051-adh-dhariyat-3031-1825.flac,abdul-rahman-al-sudais,7
829,/content/data_mp3/mohamed-seddik-el-menchaoui111-al-masadd-514-5453.flac,mohamed-seddik-el-menchaoui,67
830,/content/data_mp3/mohamed-seddik-el-menchaoui112-al-ikhlas-515-1691.flac,mohamed-seddik-el-menchaoui,67
831,/content/data_mp3/nasser-al-qatami102-at-takathur-5522-5453.flac,nasser-al-qatami,79
832,/content/data_mp3/alzain-mohamed-ahmed099-al-zalzala-6989-504.flac,alzain-mohamed-ahmed,35
833,/content/data_mp3/mohamed-al-mohisni-092-al-lail-5794-7946.flac,mohamed-al-mohisni,59
834,/content/data_mp3/muhammad-jebril-080-abasa-5434-3165.flac,muhammad-jebril,71
835,/content/data_mp3/ad-dwkaly-mhmd-al-alm087-al-ala-209-2340.flac,ad-dwkaly-mhmd-al-alm,21
836,/content/data_mp3/ali-jaber109-al-kafiroon-2561-5456.flac,ali-jaber,34
837,/content/data_mp3/abdul-rahman-al-sudais001-al-fatiha-3218-8020.flac,abdul-rahman-al-sudais,7
838,/content/data_mp3/abdul-rahman-al-sudais089-al-fajr-3214-9316.flac,abdul-rahman-al-sudais,7
839,/content/data_mp3/abu-bakr-al-shatri095-at-tin-3717-1944.flac,abu-bakr-al-shatri,19
840,/content/data_mp3/abdallah-kamel-063-al-mounafiqoun-15912-7809.flac,abdallah-kamel,0
841,/content/data_mp3/mohamed-ayoub102-at-takathur-967-749.flac,mohamed-ayoub,62
842,/content/data_mp3/khalifa-al-tunaiji-096-al-alaq-6644-7436.flac,khalifa-al-tunaiji,48
843,/content/data_mp3/saad-el-ghamidi081-at-takwir-170-7404.flac,saad-el-ghamidi,82
844,/content/data_mp3/mohamed-tablawi091-ash-shams-2832-7166.flac,mohamed-tablawi,68
845,/content/data_mp3/mustapha-al-lahouni-077-al-mursalat-4654-8405.flac,mustapha-al-lahouni,73
846,/content/data_mp3/ibrahim-al-jibreen-087-al-ala-5170-4701.flac,ibrahim-al-jibreen,43
847,/content/data_mp3/abdullah-al-khayat-098-al-bayyina-1783-2257.flac,abdullah-al-khayat,15
848,/content/data_mp3/mohamed-al-mohisni-096-al-alaq-5798-6173.flac,mohamed-al-mohisni,59
849,/content/data_mp3/nabil-ar-rifai001-al-fatiha-3645-6621.flac,nabil-ar-rifai,76
850,/content/data_mp3/abdul-rahman-al-sudais095-at-tin-3171-2763.flac,abdul-rahman-al-sudais,7
851,/content/data_mp3/salah-bukhatir111-al-masadd-2097-2392.flac,salah-bukhatir,88
852,/content/data_mp3/al-fath-mhmd-az-zbyr-090-al-balad-210-5416.flac,al-fath-mhmd-az-zbyr,29
853,/content/data_mp3/muhammad-taha-al-junaid-086-at-tariq-33115-9670.flac,muhammad-taha-al-junaid,72
854,/content/data_mp3/mohamed-al-mohisni-093-ad-dhuha-5795-3749.flac,mohamed-al-mohisni,59
855,/content/data_mp3/saad-el-ghamidi102-at-takathur-191-6619.flac,saad-el-ghamidi,83
856,/content/data_mp3/mohammed-al-lohaidan-078-an-naba-8652-1764.flac,mohammed-al-lohaidan,70
857,/content/data_mp3/muhammad-jebril-092-al-lail-5446-5651.flac,muhammad-jebril,71
858,/content/data_mp3/mustapha-gharbi063-al-munafiqoon-9124-5609.flac,mustapha-gharbi,74
